species,sci_name,popest,popestlci,popestuci,first_year_popest,last_year_popest,migrate,Breeding.Biome,Winter.Biome
Abert's Towhee,Melozone aberti,890243,429538,1469410,2006,2015,R,Aridlands,Southwestern Aridlands
Acadian Flycatcher,Empidonax virescens,5227271,4728009,5829898,2006,2015,M,Eastern Forest,Mexico-Central America
Acorn Woodpecker,Melanerpes formicivorus,2226303,1452256,3390813,2006,2015,R,Western Forest,Widespread
Alder Flycatcher,Empidonax alnorum,117998630,99384651,141184247,2006,2015,M,Boreal Forest,South America
Allen's Hummingbird,Selasphorus sasin,1484682,348049,4475111,2006,2015,M,Aridlands,Mexico-Central America
American Avocet,Recurvirostra americana,450000,180000,1125000,2011,2013,M,Wetland,Widespread
American Bittern,Botaurus lentiginosus,2507797,2005616,3117498,2006,2015,M,Wetland,Temperate North America
American Black Duck,Anas rubripes,583500,500200,666800,2013,2017,M,Wetland,Temperate North America
American Coot,Fulica americana,5517522,4109506,7381712,2006,2015,M,Wetland,Widespread
American Crow,Corvus brachyrhynchos,28047630,26447403,29639378,2006,2015,M,Habitat Generalist,Temperate North America
American Dipper,Cinclus mexicanus,151919,114060,200186,2006,2015,R,Wetland,Temperate North America
American Golden-Plover,Pluvialis dominica,500000,294200,705800,2011,2013,M,Arctic Tundra,South America
American Goldfinch,Spinus tristis,44092850,41554624,46767583,2006,2015,M,Forest Generalist,Temperate North America
American Kestrel,Falco sparverius,2827776,2564206,3116508,2006,2015,M,Habitat Generalist,Widespread
American Oystercatcher,Haematopus palliatus,11000,10700,11300,2011,2013,M,Coasts,Coastal
American Pipit,Anthus rubescens,18034890,17874051,18354686,2006,2015,M,Arctic Tundra,Temperate North America
American Redstart,Setophaga ruticilla,42464674,37027311,48475245,2006,2015,M,Eastern Forest,Widespread Neotropical
American Robin,Turdus migratorius,366076928,337429985,392723825,2006,2015,M,Forest Generalist,Temperate North America
American Three-toed Woodpecker,Picoides dorsalis,1564320,1108671,2160148,2006,2015,R,Boreal Forest,Temperate North America
American Tree Sparrow,Spizelloides arborea,26412817,19492087,36200474,2006,2015,M,Arctic Tundra,Temperate North America
American White Pelican,Pelecanus erythrorhynchos,414730,299521,546711,2006,2015,M,Wetland,Temperate North America
American Wigeon,Mareca americana,2997300,2640100,3354500,2013,2017,M,Wetland,Temperate North America
American Woodcock,Scolopax minor,3500000,3000000,4000000,2011,2013,M,Eastern Forest,Temperate North America
Ancient Murrelet,Synthliboramphus antiquus,1000000,500000,1500000,1990,1992,M,Coasts,Marine
Anhinga,Anhinga anhinga,27000,20000,34000,1978,1980,M,Wetland,Widespread Neotropical
Anna's Hummingbird,Calypte anna,8772569,4880026,16549527,2006,2015,M,Aridlands,Temperate North America
Arctic Tern,Sterna paradisaea,1000000,250000,1750000,2004,2006,M,Arctic Tundra,Coastal
Arctic Warbler,Phylloscopus borealis,8201201,2638973,16439186,2006,2015,M,Arctic Tundra,Widespread
Ash-throated Flycatcher,Myiarchus cinerascens,6847348,5661743,8193398,2006,2015,M,Aridlands,Mexico-Central America
Atlantic Puffin,Fratercula arctica,375000,350000,400000,1998,2000,M,Coasts,Marine
Bachman's Sparrow,Peucaea aestivalis,167964,102917,256160,2006,2015,R,Eastern Forest,Temperate North America
Baird's Sandpiper,Calidris bairdii,300000,120000,750000,2011,2013,M,Arctic Tundra,South America
Baird's Sparrow,Centronyx bairdii,3440174,2322349,4825893,2006,2015,M,Grassland,Southwestern Aridlands
Bald Eagle,Haliaeetus leucocephalus,200000,100000,300000,2015,2017,M,Wetland,Temperate North America
Baltimore Oriole,Icterus galbula,11806532,10808329,12963225,2006,2015,M,Eastern Forest,Widespread Neotropical
Band-tailed Pigeon,Patagioenas fasciata,1455144,1049053,1990079,2006,2015,M,Western Forest,Mexico-Central America
Bank Swallow,Riparia riparia,7940368,6125188,10752527,2006,2015,M,Habitat Generalist,South America
Barn Owl,Tyto alba,130751,81975,193386,2006,2015,R,Habitat Generalist,Widespread
Barn Swallow,Hirundo rustica,46855476,43409178,50012099,2006,2015,M,Habitat Generalist,South America
Barred Owl,Strix varia,3458782,3024086,3952819,2006,2015,R,Forest Generalist,Temperate North America
Barrow's Goldeneye,Bucephala islandica,204250,102125,306375,2004,2006,M,Wetland,Temperate North America
Bay-breasted Warbler,Setophaga castanea,9892605,6894711,13872180,2006,2015,M,Boreal Forest,Mexico-Central America
Bell's Sparrow,Artemisiospiza belli,214853,89930,390058,2006,2015,M,Aridlands,Southwestern Aridlands
Bell's Vireo,Vireo bellii,4599734,3593221,5764813,2006,2015,M,Aridlands,Mexico-Central America
Belted Kingfisher,Megaceryle alcyon,1843798,1568548,2159306,2006,2015,M,Wetland,Widespread
Bendire's Thrasher,Toxostoma bendirei,56338,30887,93302,2006,2015,M,Aridlands,Southwestern Aridlands
Bewick's Wren,Thryomanes bewickii,4567446,3627322,5765670,2006,2015,R,Aridlands,Temperate North America
Black-and-white Warbler,Mniotilta varia,17709569,15812133,19681290,2006,2015,M,Eastern Forest,Widespread Neotropical
Black-backed Woodpecker,Picoides arcticus,1734181,1251409,2296411,2006,2015,R,Boreal Forest,Temperate North America
Black-bellied Plover,Pluvialis squatarola,362700,200667,541500,2011,2013,M,Arctic Tundra,Coastal
Black-billed Cuckoo,Coccyzus erythropthalmus,875781,735134,1051851,2006,2015,M,Eastern Forest,South America
Black-billed Magpie,Pica hudsonia,6023555,5190448,7003608,2006,2015,R,Habitat Generalist,Temperate North America
Black-capped Chickadee,Poecile atricapillus,43031705,39633241,46269089,2006,2015,R,Forest Generalist,Temperate North America
Black-chinned Hummingbird,Archilochus alexandri,8179118,5809219,10961926,2006,2015,M,Western Forest,Mexico-Central America
Black-chinned Sparrow,Spizella atrogularis,293554,150962,524619,2006,2015,M,Aridlands,Southwestern Aridlands
Black-crested Titmouse,Baeolophus atricristatus,642491,414558,1018349,2006,2015,R,Aridlands,Temperate North America
Black-crowned Night-Heron,Nycticorax nycticorax,419820,292104,595456,2006,2015,M,Wetland,Widespread
Black-headed Grosbeak,Pheucticus melanocephalus,12185173,10701801,13695616,2006,2015,M,Western Forest,Mexico-Central America
Black-legged Kittiwake,Rissa tridactyla,1550000,1162500,1937500,2006,2008,M,Coasts,Marine
Black-necked Stilt,Himantopus mexicanus,177100,70840,442750,2011,2013,M,Wetland,Widespread
Black-tailed Gnatcatcher,Polioptila melanura,6527338,4101720,10094127,2006,2015,R,Aridlands,Southwestern Aridlands
Black-throated Blue Warbler,Setophaga caerulescens,2415903,2069260,2822969,2006,2015,M,Boreal Forest,Caribbean
Black-throated Gray Warbler,Setophaga nigrescens,3130246,2558225,3733825,2006,2015,M,Western Forest,Mexico-Central America
Black-throated Green Warbler,Setophaga virens,9177716,7924382,10581319,2006,2015,M,Boreal Forest,Mexico-Central America
Black-throated Sparrow,Amphispiza bilineata,31040032,26228164,36813986,2006,2015,M,Aridlands,Southwestern Aridlands
Black-whiskered Vireo,Vireo altiloquus,84242,1998,207072,2006,2015,M,Eastern Forest,South America
Black Guillemot,Cepphus grylle,500000,250000,750000,1984,1986,M,Coasts,Marine
Black Oystercatcher,Haematopus bachmani,10000,6667,15000,2011,2013,R,Coasts,Coastal
Black Phoebe,Sayornis nigricans,1170291,816450,1641836,2006,2015,M,Wetland,Temperate North America
Black Scoter,Melanitta americana,350000,262500,437500,2004,2006,M,Arctic Tundra,Marine
Black Skimmer,Rynchops niger,60000,48000,72000,1975,1977,M,Coasts,Coastal
Black Swift,Cypseloides niger,88506,34390,198559,2006,2015,M,Western Forest,South America
Black Tern,Chlidonias niger,2331116,1695896,3119894,2006,2015,M,Wetland,Marine
Black Turnstone,Arenaria melanocephala,95000,76000,114000,2011,2013,M,Coasts,Coastal
Black Vulture,Coragyps atratus,1864137,1555779,2249923,2006,2015,R,Habitat Generalist,Widespread
Blackburnian Warbler,Setophaga fusca,13271149,10865077,16109037,2006,2015,M,Boreal Forest,South America
Blackpoll Warbler,Setophaga striata,59716232,45066327,76124820,2006,2015,M,Boreal Forest,South America
Blue-gray Gnatcatcher,Polioptila caerulea,229194394,195048713,266969269,2006,2015,M,Habitat Generalist,Widespread
Blue-headed Vireo,Vireo solitarius,12765014,11050138,14721085,2006,2015,M,Boreal Forest,Mexico-Central America
Blue-winged Teal,Spatula discors,7879800,7110600,8648900,2013,2017,M,Wetland,Widespread
Blue-winged Warbler,Vermivora cyanoptera,684415,578230,803348,2006,2015,M,Eastern Forest,Mexico-Central America
Blue Grosbeak,Passerina caerulea,20938581,19404702,22644996,2006,2015,M,Forest Generalist,Mexico-Central America
Blue Jay,Cyanocitta cristata,17238587,15864197,18715069,2006,2015,M,Eastern Forest,Temperate North America
Boat-tailed Grackle,Quiscalus major,2156489,1297665,3550285,2006,2015,R,Wetland,Temperate North America
Bobolink,Dolichonyx oryzivorus,10195298,8796086,11917384,2006,2015,M,Grassland,South America
Bohemian Waxwing,Bombycilla garrulus,2507863,1641840,3491482,2006,2015,M,Boreal Forest,Temperate North America
Bonaparte's Gull,Chroicocephalus philadelphia,785266,442937,1198079,2006,2015,M,Wetland,Coastal
Boreal Chickadee,Poecile hudsonicus,13208240,10477170,16444759,2006,2015,R,Boreal Forest,Temperate North America
Brandt's Cormorant,Phalacrocorax penicillatus,125000,81250,168750,1989,1991,M,Coasts,Coastal
Brant,Branta bernicla,403482,363134,443830,2013,2015,M,Arctic Tundra,Coastal
Brewer's Blackbird,Euphagus cyanocephalus,23324285,20136678,27110785,2006,2015,M,Habitat Generalist,Temperate North America
Brewer's Sparrow,Spizella breweri,16834981,13155782,21238196,2006,2015,M,Aridlands,Southwestern Aridlands
Bridled Titmouse,Baeolophus wollweberi,69340,22843,147260,2006,2015,R,Western Forest,Mexico-Central America
Broad-tailed Hummingbird,Selasphorus platycercus,8804795,5880867,12313443,2006,2015,M,Western Forest,Mexico-Central America
Broad-winged Hawk,Buteo platypterus,1804126,1598612,2029385,2006,2015,M,Forest Generalist,Widespread Neotropical
Bronzed Cowbird,Molothrus aeneus,816191,439751,1339476,2006,2015,M,Aridlands,Widespread Neotropical
Brown-crested Flycatcher,Myiarchus tyrannulus,1032206,639470,1584755,2006,2015,M,Aridlands,Mexico-Central America
Brown-headed Cowbird,Molothrus ater,126705388,117868557,135950409,2006,2015,M,Habitat Generalist,Temperate North America
Brown-headed Nuthatch,Sitta pusilla,1578602,1352620,1826550,2006,2015,R,Eastern Forest,Temperate North America
Brown Creeper,Certhia americana,9484338,7757209,11639138,2006,2015,M,Forest Generalist,Temperate North America
Brown Pelican,Pelecanus occidentalis,100000,90000,110000,1998,2000,M,Coasts,Coastal
Brown Thrasher,Toxostoma rufum,6168180,5625720,6771313,2006,2015,M,Eastern Forest,Temperate North America
Buff-breasted Sandpiper,Calidris subruficollis,56000,35000,78000,2011,2013,M,Arctic Tundra,South America
Bufflehead,Bucephala albeola,1400000,1050000,1750000,2004,2006,M,Wetland,Temperate North America
Bullock's Oriole,Icterus bullockii,6949229,6086900,7839504,2006,2015,M,Western Forest,Mexico-Central America
Burrowing Owl,Athene cunicularia,987921,625174,1537376,2006,2015,M,Grassland,Temperate North America
Bushtit,Psaltriparus minimus,2310447,1807618,2949870,2006,2015,R,Western Forest,Temperate North America
Cackling Goose,Branta hutchinsii,4510202,4059182,4961222,2013,2015,M,Arctic Tundra,Temperate North America
Cactus Wren,Campylorhynchus brunneicapillus,3034276,2268727,4012714,2006,2015,R,Aridlands,Southwestern Aridlands
California Gull,Larus californicus,1065791,658357,1567466,2006,2015,M,Wetland,Temperate North America
California Quail,Callipepla californica,3358401,2374290,4473991,2006,2015,R,Aridlands,Temperate North America
California Scrub-Jay,Aphelocoma californica,1346997,859873,2030181,2006,2015,R,Western Forest,Temperate North America
California Thrasher,Toxostoma redivivum,155226,77498,274331,2006,2015,R,Aridlands,Temperate North America
California Towhee,Melozone crissalis,5247688,3750592,7222092,2006,2015,R,Aridlands,Temperate North America
Calliope Hummingbird,Selasphorus calliope,4463289,2652793,7024258,2006,2015,M,Western Forest,Mexico-Central America
Canada Goose,Branta canadensis,6919635,6227672,7611599,2014,2016,M,Wetland,Temperate North America
Canada Jay,Perisoreus canadensis,26652111,23501504,30178807,2006,2015,R,Boreal Forest,Temperate North America
Canada Warbler,Cardellina canadensis,2597361,2028500,3242734,2006,2015,M,Boreal Forest,South America
Canvasback,Aythya valisineria,739700,621300,858100,2013,2017,M,Wetland,Temperate North America
Canyon Towhee,Melozone fusca,2792820,2085096,3605781,2006,2015,R,Aridlands,Southwestern Aridlands
Canyon Wren,Catherpes mexicanus,423956,325189,554507,2006,2015,R,Aridlands,Southwestern Aridlands
Cape May Warbler,Setophaga tigrina,7043668,4900702,9894881,2006,2015,M,Boreal Forest,Caribbean
Carolina Chickadee,Poecile carolinensis,13179980,12174905,14399165,2006,2015,R,Eastern Forest,Temperate North America
Carolina Wren,Thryothorus ludovicianus,17733395,15969003,19620346,2006,2015,R,Eastern Forest,Temperate North America
Caspian Tern,Hydroprogne caspia,78325,41255,130130,2006,2015,M,Wetland,Coastal
Cassin's Auklet,Ptychoramphus aleuticus,3200000,2400000,4000000,2007,2009,M,Coasts,Marine
Cassin's Finch,Haemorhous cassinii,3191950,2521299,4034402,2006,2015,M,Western Forest,Temperate North America
Cassin's Kingbird,Tyrannus vociferans,2480328,1833328,3291825,2006,2015,M,Western Forest,Mexico-Central America
Cassin's Sparrow,Peucaea cassinii,9598748,7485112,12176616,2006,2015,M,Grassland,Southwestern Aridlands
Cassin's Vireo,Vireo cassinii,4560260,3775193,5412799,2006,2015,M,Western Forest,Mexico-Central America
Cattle Egret,Bubulcus ibis,2804856,2196814,3562031,2006,2015,M,Wetland,Widespread
Cave Swallow,Petrochelidon fulva,2769841,1680817,4407644,2006,2015,M,Aridlands,Mexico-Central America
Cedar Waxwing,Bombycilla cedrorum,63975308,58030057,70240507,2006,2015,M,Forest Generalist,Temperate North America
Cerulean Warbler,Setophaga cerulea,528920,363210,714480,2006,2015,M,Eastern Forest,South America
Chestnut-backed Chickadee,Poecile rufescens,12062509,8656467,16306921,2006,2015,R,Western Forest,Temperate North America
Chestnut-collared Longspur,Calcarius ornatus,3095825,2101824,4336047,2006,2015,M,Grassland,Southwestern Aridlands
Chestnut-sided Warbler,Setophaga pensylvanica,18265512,16119410,20584431,2006,2015,M,Eastern Forest,Mexico-Central America
Chihuahuan Raven,Corvus cryptoleucus,277286,193193,390354,2006,2015,M,Aridlands,Southwestern Aridlands
Chimney Swift,Chaetura pelagica,8808551,8013311,9665731,2006,2015,M,Eastern Forest,South America
Chipping Sparrow,Spizella passerina,230957566,213377234,249914852,2006,2015,M,Forest Generalist,Temperate North America
Chuck-will's-widow,Antrostomus carolinensis,5642111,4800407,6606314,2006,2015,M,Eastern Forest,Mexico-Central America
Chukar,Alectoris chukar,392143,227755,612200,2006,2015,Introduced,Introduced,Introduced
Cinnamon Teal,Spatula cyanoptera,442510,275337,674629,2006,2015,M,Wetland,Temperate North America
Clapper Rail,Rallus crepitans,170587,85438,286396,2006,2015,R,Coasts,Coastal
Clark's Grebe,Aechmophorus clarkii,71737,18009,161501,2006,2015,M,Wetland,Temperate North America
Clark's Nutcracker,Nucifraga columbiana,290441,227717,363870,2006,2015,R,Western Forest,Temperate North America
Clay-colored Sparrow,Spizella pallida,60149306,51415968,69884231,2006,2015,M,Grassland,Southwestern Aridlands
Cliff Swallow,Petrochelidon pyrrhonota,77981069,67646472,89137460,2006,2015,M,Habitat Generalist,South America
Common Eider,Somateria mollissima,1264000,948000,1580000,2004,2006,M,Coasts,Coastal
Common Gallinule,Gallinula galeata,500214,251427,938525,2006,2015,M,Wetland,Widespread
Common Goldeneye,Bucephala clangula,1300000,975000,1625000,2004,2006,M,Wetland,Temperate North America
Common Grackle,Quiscalus quiscula,67132986,61123537,74085853,2006,2015,M,Habitat Generalist,Temperate North America
Common Ground Dove,Columbina passerina,1989124,1585896,2440861,2006,2015,R,Aridlands,Southwestern Aridlands
Common Loon,Gavia immer,1108865,941048,1319057,2006,2015,M,Wetland,Temperate North America
Common Merganser,Mergus merganser,1200000,600000,1800000,2004,2006,M,Wetland,Temperate North America
Common Murre,Uria aalge,7400000,5550000,9250000,2000,2002,M,Coasts,Marine
Common Nighthawk,Chordeiles minor,21789605,19345867,24683737,2006,2015,M,Habitat Generalist,South America
Common Poorwill,Phalaenoptilus nuttallii,1333400,965383,1769426,2006,2015,M,Aridlands,Southwestern Aridlands
Common Raven,Corvus corax,8250632,7605338,8984942,2006,2015,R,Habitat Generalist,Widespread
Common Redpoll,Acanthis flammea,39008853,30299103,49713410,2006,2015,M,Arctic Tundra,Temperate North America
Common Tern,Sterna hirundo,468971,175901,985601,2006,2015,M,Wetland,Coastal
Common Yellowthroat,Geothlypis trichas,75588462,70946562,80532206,2006,2015,M,Habitat Generalist,Widespread
Connecticut Warbler,Oporornis agilis,1751333,970368,2676400,2006,2015,M,Boreal Forest,South America
Cooper's Hawk,Accipiter cooperii,844899,770821,925643,2006,2015,M,Forest Generalist,Widespread
Cordilleran Flycatcher,Empidonax occidentalis,1966693,1283176,2953557,2006,2015,M,Western Forest,Mexico-Central America
Costa's Hummingbird,Calypte costae,1583926,611798,3182531,2006,2015,M,Aridlands,Southwestern Aridlands
Couch's Kingbird,Tyrannus couchii,250613,133762,447501,2006,2015,R,Aridlands,Mexico-Central America
Crested Caracara,Caracara cheriway,124568,87260,172735,2006,2015,R,Aridlands,Southwestern Aridlands
Crissal Thrasher,Toxostoma crissale,82115,48009,124579,2006,2015,R,Aridlands,Southwestern Aridlands
Curve-billed Thrasher,Toxostoma curvirostre,1026123,728790,1467368,2006,2015,R,Aridlands,Southwestern Aridlands
Dark-eyed Junco,Junco hyemalis,223552461,196287624,253775451,2006,2015,M,Forest Generalist,Temperate North America
Dickcissel,Spiza americana,27896722,23981764,32368972,2006,2015,M,Grassland,South America
Double-crested Cormorant,Phalacrocorax auritus,557887,365672,827251,2006,2015,M,Wetland,Temperate North America
Dovekie,Alle alle,1500,1125,1875,2001,2003,M,Coasts,Marine
Downy Woodpecker,Dryobates pubescens,13422111,12764602,14141250,2006,2015,R,Forest Generalist,Temperate North America
Dunlin,Calidris alpina,1500000,744700,2750300,2011,2013,M,Arctic Tundra,Widespread
Dusky Flycatcher,Empidonax oberholseri,8797209,7024376,10767331,2006,2015,M,Western Forest,Mexico-Central America
Dusky Grouse,Dendragapus obscurus,300000,75000,525000,2008,2010,R,Western Forest,Temperate North America
Eared Grebe,Podiceps nigricollis,1950442,943872,3659128,2006,2015,M,Wetland,Temperate North America
Eastern Bluebird,Sialia sialis,21439020,20142880,22957637,2006,2015,M,Eastern Forest,Temperate North America
Eastern Kingbird,Tyrannus tyrannus,25924168,24123810,27704273,2006,2015,M,Grassland,South America
Eastern Meadowlark,Sturnella magna,24431724,21928274,27309341,2006,2015,M,Grassland,Temperate North America
Eastern Phoebe,Sayornis phoebe,34684436,32601625,37210378,2006,2015,M,Eastern Forest,Temperate North America
Eastern Screech-Owl,Megascops asio,496240,378219,645235,2006,2015,R,Eastern Forest,Temperate North America
Eastern Towhee,Pipilo erythrophthalmus,29338492,27153590,31703146,2006,2015,M,Eastern Forest,Temperate North America
Eastern Whip-poor-will,Antrostomus vociferus,1829892,1442373,2231099,2006,2015,M,Eastern Forest,Mexico-Central America
Eastern Wood-Pewee,Contopus virens,6454082,5897588,7036229,2006,2015,M,Eastern Forest,South America
Emperor Goose,Anser canagicus,97953,88158,107748,2013,2015,M,Coasts,Coastal
Eurasian Collared-Dove,Streptopelia decaocto,8716074,7657339,10020862,2006,2015,Introduced,Introduced,Introduced
Eurasian Tree Sparrow,Passer montanus,147064,83601,235172,2006,2015,Introduced,Introduced,Introduced
European Starling,Sturnus vulgaris,93371907,85941592,102256039,2006,2015,Introduced,Introduced,Introduced
Evening Grosbeak,Coccothraustes vespertinus,3783375,2963915,4803280,2006,2015,M,Boreal Forest,Temperate North America
Ferruginous Hawk,Buteo regalis,109004,86288,135921,2006,2015,M,Grassland,Temperate North America
Field Sparrow,Spizella pusilla,9333611,8343751,10393211,2006,2015,M,Eastern Forest,Temperate North America
Fish Crow,Corvus ossifragus,466887,400029,541005,2006,2015,R,Habitat Generalist,Temperate North America
Forster's Tern,Sterna forsteri,127120,72306,202189,2006,2015,M,Wetland,Temperate North America
Fox Sparrow,Passerella iliaca,34605524,27334565,44390905,2006,2015,M,Forest Generalist,Temperate North America
Franklin's Gull,Leucophaeus pipixcan,2329478,1604153,3238650,2006,2015,M,Wetland,Coastal
Fulvous Whistling-Duck,Dendrocygna bicolor,44000,24000,64000,1989,1991,M,Wetland,Widespread Neotropical
Gadwall,Mareca strepera,3777700,3371500,4183900,2013,2017,M,Wetland,Temperate North America
Gambel's Quail,Callipepla gambelii,5196496,3616310,7051087,2006,2015,R,Aridlands,Southwestern Aridlands
Gila Woodpecker,Melanerpes uropygialis,589899,288218,1038427,2006,2015,R,Aridlands,Southwestern Aridlands
Gilded Flicker,Colaptes chrysoides,192377,84549,358522,2006,2015,R,Aridlands,Southwestern Aridlands
Glaucous-winged Gull,Larus glaucescens,436461,249983,673385,2006,2015,M,Coasts,Coastal
Glaucous Gull,Larus hyperboreus,510000,170000,850000,2011,2013,M,Coasts,Temperate North America
Glossy Ibis,Plegadis falcinellus,36394,13092,71380,2006,2015,M,Wetland,Widespread
Golden-crowned Kinglet,Regulus satrapa,133267079,103060126,168352603,2006,2015,M,Forest Generalist,Temperate North America
Golden-crowned Sparrow,Zonotrichia atricapilla,7502564,4149449,12855995,2006,2015,M,Arctic Tundra,Temperate North America
Golden-fronted Woodpecker,Melanerpes aurifrons,805604,554852,1125322,2006,2015,R,Aridlands,Mexico-Central America
Golden-winged Warbler,Vermivora chrysoptera,393305,273065,539488,2006,2015,M,Eastern Forest,South America
Golden Eagle,Aquila chrysaetos,146673,125252,171932,2006,2015,M,Habitat Generalist,Temperate North America
Grace's Warbler,Setophaga graciae,1513808,887803,2350028,2006,2015,M,Western Forest,Mexico-Central America
Grasshopper Sparrow,Ammodramus savannarum,33439280,29662396,37709841,2006,2015,M,Grassland,Temperate North America
Gray-cheeked Thrush,Catharus minimus,41722960,27552192,60727662,2006,2015,M,Boreal Forest,South America
Gray Catbird,Dumetella carolinensis,28700211,26885945,30804790,2006,2015,M,Eastern Forest,Mexico-Central America
Gray Flycatcher,Empidonax wrightii,2897568,2057762,4045062,2006,2015,M,Western Forest,Mexico-Central America
Gray Kingbird,Tyrannus dominicensis,23009,3657,62695,2006,2015,M,Eastern Forest,South America
Gray Partridge,Perdix perdix,823861,635590,1041588,2006,2015,Introduced,Introduced,Introduced
Gray Vireo,Vireo vicinior,548027,294748,855433,2006,2015,M,Western Forest,Southwestern Aridlands
Great-tailed Grackle,Quiscalus mexicanus,8242011,5511749,11832954,2006,2015,R,Habitat Generalist,Widespread
Great Black-backed Gull,Larus marinus,145361,70184,251320,2006,2015,M,Wetland,Temperate North America
Great Blue Heron,Ardea herodias,618606,552453,698624,2006,2015,M,Wetland,Widespread
Great Crested Flycatcher,Myiarchus crinitus,8799301,7950620,9769449,2006,2015,M,Eastern Forest,Mexico-Central America
Great Egret,Ardea alba,712641,580603,863838,2006,2015,M,Wetland,Widespread
Great Gray Owl,Strix nebulosa,71240,34370,122631,2006,2015,R,Boreal Forest,Temperate North America
Great Horned Owl,Bubo virginianus,3784896,3310994,4288285,2006,2015,R,Habitat Generalist,Widespread
Greater Prairie-Chicken,Tympanuchus cupido,360504,197651,635645,2006,2015,R,Grassland,Temperate North America
Greater Roadrunner,Geococcyx californianus,841270,686699,1023445,2006,2015,R,Aridlands,Southwestern Aridlands
Greater Sage-Grouse,Centrocercus urophasianus,430000,215000,645000,2015,2017,R,Aridlands,Temperate North America
Greater Scaup,Aythya marila,1606158,513593,3551089,2006,2015,M,Arctic Tundra,Temperate North America
Greater White-fronted Goose,Anser albifrons,3429375,3086438,3772313,2013,2015,M,Arctic Tundra,Temperate North America
Greater Yellowlegs,Tringa melanoleuca,137000,54800,342500,2011,2013,M,Wetland,Widespread
Green-tailed Towhee,Pipilo chlorurus,4766829,3664896,6155067,2006,2015,M,Aridlands,Southwestern Aridlands
Green-winged Teal,Anas crecca,3929100,3362500,4495600,2013,2017,M,Wetland,Temperate North America
Green Heron,Butorides virescens,772671,689060,862103,2006,2015,M,Wetland,Widespread
Green Jay,Cyanocorax yncas,56639,30791,92979,2006,2015,R,Aridlands,Mexico-Central America
Groove-billed Ani,Crotophaga sulcirostris,5000,1250,8750,2015,2017,R,Habitat Generalist,Widespread Neotropical
Gull-billed Tern,Gelochelidon nilotica,8000,7200,8800,2001,2003,M,Coasts,Coastal
Gyrfalcon,Falco rusticolus,41722,33772,57859,2006,2015,M,Arctic Tundra,Temperate North America
Hairy Woodpecker,Dryobates villosus,8681068,7874994,9508689,2006,2015,R,Forest Generalist,Temperate North America
Hammond's Flycatcher,Empidonax hammondii,20160045,16231089,24518510,2006,2015,M,Western Forest,Mexico-Central America
Harlequin Duck,Histrionicus histrionicus,214000,107000,321000,2004,2006,M,Wetland,Marine
Harris's Hawk,Parabuteo unicinctus,51689,29505,86815,2006,2015,R,Aridlands,Southwestern Aridlands
Harris's Sparrow,Zonotrichia querula,2000000,500000,3500000,2015,2017,M,Arctic Tundra,Temperate North America
Henslow's Sparrow,Centronyx henslowii,408187,290235,547708,2006,2015,M,Grassland,Temperate North America
Hepatic Tanager,Piranga flava,411228,263215,591940,2006,2015,M,Western Forest,Mexico-Central America
Hermit Thrush,Catharus guttatus,71726125,54075176,95680929,2006,2015,M,Forest Generalist,Temperate North America
Hermit Warbler,Setophaga occidentalis,2525603,1808648,3357140,2006,2015,M,Western Forest,Mexico-Central America
Herring Gull,Larus argentatus,2891313,1563414,4831139,2009,2011,M,Wetland,Temperate North America
Hoary Redpoll,Acanthis hornemanni,12815104,12474111,13252214,2006,2015,M,Arctic Tundra,Temperate North America
Hooded Merganser,Lophodytes cucullatus,485000,363750,606250,2004,2006,M,Wetland,Temperate North America
Hooded Oriole,Icterus cucullatus,350616,236805,494427,2006,2015,M,Aridlands,Mexico-Central America
Hooded Warbler,Setophaga citrina,5185197,4523541,5902847,2006,2015,M,Eastern Forest,Mexico-Central America
Horned Grebe,Podiceps auritus,246553,159574,364503,2006,2015,M,Wetland,Temperate North America
Horned Lark,Eremophila alpestris,100607831,90290833,112734630,2006,2015,M,Grassland,Temperate North America
House Finch,Haemorhous mexicanus,33246130,29546633,37992529,2006,2015,R,Habitat Generalist,Widespread
House Sparrow,Passer domesticus,92842101,83703006,104203385,2006,2015,Introduced,Introduced,Introduced
House Wren,Troglodytes aedon,43318358,39758949,47473572,2006,2015,M,Forest Generalist,Temperate North America
Hudsonian Godwit,Limosa haemastica,77000,56424,107100,2011,2013,M,Wetland,South America
Hutton's Vireo,Vireo huttoni,964653,744358,1213151,2006,2015,R,Western Forest,Temperate North America
Inca Dove,Columbina inca,619057,491301,765612,2006,2015,R,Aridlands,Southwestern Aridlands
Indigo Bunting,Passerina cyanea,77494167,73235841,82041052,2006,2015,M,Eastern Forest,Mexico-Central America
Juniper Titmouse,Baeolophus ridgwayi,291637,201086,392881,2006,2015,R,Western Forest,Temperate North America
Kentucky Warbler,Geothlypis formosa,2595606,2284175,2937212,2006,2015,M,Eastern Forest,Mexico-Central America
Killdeer,Charadrius vociferus,2000000,800000,5000000,2011,2013,M,Habitat Generalist,Widespread
King Eider,Somateria spectabilis,560000,280000,840000,2004,2006,M,Arctic Tundra,Marine
King Rail,Rallus elegans,63219,26563,122039,2006,2015,M,Wetland,Temperate North America
Ladder-backed Woodpecker,Dryobates scalaris,2377162,1983369,2827402,2006,2015,R,Aridlands,Southwestern Aridlands
Lapland Longspur,Calcarius lapponicus,68032536,60265772,80590222,2006,2015,M,Arctic Tundra,Temperate North America
Lark Bunting,Calamospiza melanocorys,11992598,9194389,15233830,2006,2015,M,Grassland,Southwestern Aridlands
Lark Sparrow,Chondestes grammacus,10638361,9078588,12343951,2006,2015,M,Grassland,Mexico-Central America
Laughing Gull,Leucophaeus atricilla,684463,425116,997966,2006,2015,M,Coasts,Coastal
Lawrence's Goldfinch,Spinus lawrencei,347128,188186,574120,2006,2015,M,Aridlands,Southwestern Aridlands
Lazuli Bunting,Passerina amoena,6453834,5417754,7643998,2006,2015,M,Western Forest,Mexico-Central America
Least Bittern,Ixobrychus exilis,131773,66196,217720,2006,2015,M,Wetland,Widespread
Least Flycatcher,Empidonax minimus,27244220,24465739,30286260,2006,2015,M,Eastern Forest,Mexico-Central America
Least Sandpiper,Calidris minutilla,700000,466667,1050000,2011,2013,M,Wetland,Widespread
Least Tern,Sternula antillarum,51692,21444,97858,2006,2015,M,Coasts,Coastal
LeConte's Sparrow,Ammospiza leconteii,5128134,4121245,6262076,2006,2015,M,Grassland,Temperate North America
LeConte's Thrasher,Toxostoma lecontei,45644,15853,93422,2006,2015,R,Aridlands,Southwestern Aridlands
Lesser Goldfinch,Spinus psaltria,5723877,4542330,7132984,2006,2015,M,Western Forest,Temperate North America
Lesser Nighthawk,Chordeiles acutipennis,3801395,2399615,5545863,2006,2015,M,Aridlands,Widespread Neotropical
Lesser Scaup,Aythya affinis,2626619,1903177,3511659,2006,2015,M,Wetland,Widespread
Lesser Yellowlegs,Tringa flavipes,660000,264000,1650000,2011,2013,M,Wetland,Widespread
Lewis's Woodpecker,Melanerpes lewis,81507,52913,119611,2006,2015,M,Western Forest,Temperate North America
Limpkin,Aramus guarauna,9000,6000,12000,1993,1995,R,Wetland,Widespread Neotropical
Lincoln's Sparrow,Melospiza lincolnii,88078735,78262006,98782691,2006,2015,M,Boreal Forest,Temperate North America
Little Blue Heron,Egretta caerulea,270582,191382,368199,2006,2015,M,Wetland,Widespread
Loggerhead Shrike,Lanius ludovicianus,4557457,4080246,5094115,2006,2015,M,Grassland,Temperate North America
Long-billed Curlew,Numenius americanus,140000,98000,198000,2011,2013,M,Grassland,Widespread
Long-billed Dowitcher,Limnodromus scolopaceus,500000,333333,750000,2011,2013,M,Arctic Tundra,Widespread
Long-billed Thrasher,Toxostoma longirostre,95573,53639,153900,2006,2015,R,Aridlands,Mexico-Central America
Long-eared Owl,Asio otus,37707,15671,68758,2006,2015,M,Forest Generalist,Temperate North America
Long-tailed Duck,Clangula hyemalis,1000000,500000,1500000,2004,2006,M,Arctic Tundra,Marine
Louisiana Waterthrush,Parkesia motacilla,446545,377921,529134,2006,2015,M,Eastern Forest,Widespread Neotropical
Lucy's Warbler,Oreothlypis luciae,2829708,1620023,4473592,2006,2015,M,Aridlands,Mexico-Central America
MacGillivray's Warbler,Geothlypis tolmiei,11191876,9091713,13546236,2006,2015,M,Western Forest,Mexico-Central America
Magnolia Warbler,Setophaga magnolia,38757259,33706369,44351863,2006,2015,M,Boreal Forest,Mexico-Central America
Mallard,Anas platyrhynchos,11477600,10557400,12397900,2013,2017,M,Wetland,Widespread
Marbled Godwit,Limosa fedoa,174000,116000,261000,2011,2013,M,Wetland,Coastal
Marbled Murrelet,Brachyramphus marmoratus,545550,256600,834500,1994,1996,M,Coasts,Marine
Marsh Wren,Cistothorus palustris,10846904,8009975,14414465,2006,2015,M,Wetland,Temperate North America
McCown's Longspur,Rhynchophanes mccownii,844821,487327,1322335,2006,2015,M,Grassland,Southwestern Aridlands
Merlin,Falco columbarius,1620998,1325156,1975531,2006,2015,M,Habitat Generalist,Widespread
Mew Gull,Larus canus,1286450,659195,2419626,2006,2015,M,Wetland,Temperate North America
Mexican Jay,Aphelocoma wollweberi,142059,31219,355566,2006,2015,R,Western Forest,Mexico-Central America
Mississippi Kite,Ictinia mississippiensis,695177,537854,881937,2006,2015,M,Eastern Forest,South America
Monk Parakeet,Myiopsitta monachus,59268,1094,158202,2006,2015,Introduced,Introduced,Introduced
Mottled Duck,Anas fulvigula,238785,148277,355630,2006,2015,M,Wetland,Temperate North America
Mountain Bluebird,Sialia currucoides,5568751,4615920,6673385,2006,2015,M,Western Forest,Temperate North America
Mountain Chickadee,Poecile gambeli,7855197,6597745,9279875,2006,2015,R,Western Forest,Temperate North America
Mountain Plover,Charadrius montanus,20000,13333,30000,2011,2013,M,Grassland,Southwestern Aridlands
Mountain Quail,Oreortyx pictus,250825,174335,348548,2006,2015,R,Western Forest,Temperate North America
Mourning Dove,Zenaida macroura,133072464,123233806,143006188,2006,2015,M,Habitat Generalist,Widespread
Mourning Warbler,Geothlypis philadelphia,13827473,11375932,16818340,2006,2015,M,Boreal Forest,South America
Mute Swan,Cygnus olor,12000,9000,15000,1992,1994,Introduced,Introduced,Introduced
Nashville Warbler,Oreothlypis ruficapilla,39717135,34046329,46021851,2006,2015,M,Boreal Forest,Mexico-Central America
Nelson's Sparrow,Ammospiza nelsoni,1012433,860211,1182894,2006,2015,M,Wetland,Coastal
Northern Bobwhite,Colinus virginianus,5800000,2900000,8700000,2008,2010,R,Eastern Forest,Temperate North America
Northern Cardinal,Cardinalis cardinalis,118228958,107977674,129207132,2006,2015,R,Eastern Forest,Temperate North America
Northern Flicker,Colaptes auratus,10997056,10030079,12029437,2006,2015,M,Forest Generalist,Widespread
Northern Fulmar,Fulmarus glacialis,2200000,1650000,2750000,2009,2011,M,Coasts,Marine
Northern Gannet,Morus bassanus,144596,130136,159056,1998,2000,M,Coasts,Marine
Northern Goshawk,Accipiter gentilis,205103,144935,279609,2006,2015,M,Forest Generalist,Temperate North America
Northern Harrier,Circus hudsonius,822326,731377,921329,2006,2015,M,Habitat Generalist,Temperate North America
Northern Mockingbird,Mimus polyglottos,33748673,30589410,37047818,2006,2015,M,Habitat Generalist,Temperate North America
Northern Parula,Setophaga americana,18173930,16508547,19946040,2006,2015,M,Forest Generalist,Caribbean
Northern Pintail,Anas acuta,3021200,2644500,3397900,2013,2017,M,Wetland,Temperate North America
Northern Pygmy-Owl,Glaucidium gnoma,129397,77555,214434,2006,2015,R,Western Forest,Temperate North America
Northern Rough-winged Swallow,Stelgidopteryx serripennis,19956056,15363114,26977637,2006,2015,M,Habitat Generalist,Widespread
Northern Saw-whet Owl,Aegolius acadicus,2000000,500000,3500000,2007,2009,M,Forest Generalist,Temperate North America
Northern Shoveler,Spatula clypeata,4548300,4125700,4970800,2013,2017,M,Wetland,Temperate North America
Northern Shrike,Lanius borealis,400000,100000,700000,2003,2005,M,Arctic Tundra,Temperate North America
Northern Waterthrush,Parkesia noveboracensis,17166584,14259921,20524318,2006,2015,M,Boreal Forest,Widespread Neotropical
Northwestern Crow,Corvus caurinus,701805,421865,1111796,2006,2015,R,Western Forest,Temperate North America
Nuttall's Woodpecker,Dryobates nuttallii,752044,500760,1076906,2006,2015,R,Western Forest,Temperate North America
Oak Titmouse,Baeolophus inornatus,706717,407725,1196605,2006,2015,R,Western Forest,Temperate North America
Olive-sided Flycatcher,Contopus cooperi,1916763,1576589,2322865,2006,2015,M,Forest Generalist,South America
Olive Sparrow,Arremonops rufivirgatus,829024,486176,1252969,2006,2015,R,Aridlands,Mexico-Central America
Orange-crowned Warbler,Oreothlypis celata,81919229,69421324,95720231,2006,2015,M,Forest Generalist,Temperate North America
Orchard Oriole,Icterus spurius,10894813,9896563,11930180,2006,2015,M,Eastern Forest,Mexico-Central America
Osprey,Pandion haliaetus,399228,328092,483403,2006,2015,M,Wetland,Widespread
Ovenbird,Seiurus aurocapilla,26312390,22777813,30231156,2006,2015,M,Eastern Forest,Widespread Neotropical
Pacific-slope Flycatcher,Empidonax difficilis,8585203,6751118,10839307,2006,2015,M,Western Forest,Mexico-Central America
Pacific Golden-Plover,Pluvialis fulva,42500,35000,50000,2011,2013,M,Arctic Tundra,Coastal
Pacific Wren,Troglodytes pacificus,7528567,5392359,10095516,2006,2015,M,Western Forest,Temperate North America
Painted Bunting,Passerina ciris,12778114,10848520,14991104,2006,2015,M,Eastern Forest,Mexico-Central America
Palm Warbler,Setophaga palmarum,13172938,9852145,17350184,2006,2015,M,Boreal Forest,Caribbean
Pectoral Sandpiper,Calidris melanotos,1600000,1129600,2070400,2011,2013,M,Arctic Tundra,South America
Pelagic Cormorant,Phalacrocorax pelagicus,135000,67500,202500,1989,1991,M,Coasts,Coastal
Peregrine Falcon,Falco peregrinus,40000,20000,60000,2001,2003,M,Habitat Generalist,Widespread
Phainopepla,Phainopepla nitens,1285683,905747,1775051,2006,2015,M,Aridlands,Southwestern Aridlands
Philadelphia Vireo,Vireo philadelphicus,3968582,3039944,5019728,2006,2015,M,Boreal Forest,Mexico-Central America
Pied-billed Grebe,Podilymbus podiceps,1138963,905996,1412585,2006,2015,M,Wetland,Widespread
Pigeon Guillemot,Cepphus columba,235100,117550,352650,1992,1994,R,Coasts,Marine
Pileated Woodpecker,Dryocopus pileatus,2648713,2398947,2931122,2006,2015,R,Eastern Forest,Temperate North America
Pine Grosbeak,Pinicola enucleator,5530332,4039601,7262401,2006,2015,M,Boreal Forest,Temperate North America
Pine Siskin,Spinus pinus,44719558,37972998,52314211,2006,2015,M,Forest Generalist,Temperate North America
Pine Warbler,Setophaga pinus,13108682,11923661,14327429,2006,2015,M,Eastern Forest,Temperate North America
Pinyon Jay,Gymnorhinus cyanocephalus,755415,525819,1068774,2006,2015,R,Western Forest,Temperate North America
Plumbeous Vireo,Vireo plumbeus,2999048,2194985,3986302,2006,2015,M,Western Forest,Mexico-Central America
Prairie Falcon,Falco mexicanus,97855,76690,121492,2006,2015,M,Aridlands,Southwestern Aridlands
Prairie Warbler,Setophaga discolor,3555356,3156416,4009433,2006,2015,M,Eastern Forest,Caribbean
Prothonotary Warbler,Protonotaria citrea,2069931,1633108,2645686,2006,2015,M,Eastern Forest,Mexico-Central America
Purple Finch,Haemorhous purpureus,6539107,5746681,7363210,2006,2015,M,Forest Generalist,Temperate North America
Purple Gallinule,Porphyrio martinicus,19522,9167,33564,2006,2015,M,Wetland,Widespread Neotropical
Purple Martin,Progne subis,8728591,7776376,9841533,2006,2015,M,Habitat Generalist,South America
Purple Sandpiper,Calidris maritima,25000,16667,37500,2011,2013,M,Arctic Tundra,Coastal
Pygmy Nuthatch,Sitta pygmaea,3103791,2051268,4410534,2006,2015,R,Western Forest,Temperate North America
Pyrrhuloxia,Cardinalis sinuatus,1578426,1076870,2208564,2006,2015,R,Aridlands,Southwestern Aridlands
Razorbill,Alca torda,76000,38000,114000,2000,2002,M,Coasts,Marine
Red-bellied Woodpecker,Melanerpes carolinus,15518241,14095781,16973039,2006,2015,R,Eastern Forest,Temperate North America
Red-breasted Merganser,Mergus serrator,350000,175000,525000,2004,2006,M,Arctic Tundra,Marine
Red-breasted Nuthatch,Sitta canadensis,19689413,17772520,21658078,2006,2015,M,Forest Generalist,Temperate North America
Red-breasted Sapsucker,Sphyrapicus ruber,2755899,1872219,3799342,2006,2015,M,Western Forest,Temperate North America
Red-cockaded Woodpecker,Dryobates borealis,15000,11250,18750,2005,2007,R,Eastern Forest,Temperate North America
Red-eyed Vireo,Vireo olivaceus,130756817,121405110,141235333,2006,2015,M,Forest Generalist,South America
Red-faced Cormorant,Phalacrocorax urile,84500,42250,126750,1992,1994,R,Coasts,Coastal
Red-faced Warbler,Cardellina rubrifrons,252600,70739,503841,2006,2015,M,Western Forest,Mexico-Central America
Red-headed Woodpecker,Melanerpes erythrocephalus,1802639,1587954,2066531,2006,2015,M,Eastern Forest,Temperate North America
Red-naped Sapsucker,Sphyrapicus nuchalis,1974818,1596661,2425112,2006,2015,M,Western Forest,Temperate North America
Red-necked Grebe,Podiceps grisegena,737518,482463,1054730,2006,2015,M,Wetland,Marine
Red-shouldered Hawk,Buteo lineatus,1827010,1607481,2085341,2006,2015,M,Forest Generalist,Temperate North America
Red-tailed Hawk,Buteo jamaicensis,2808115,2579824,3052334,2006,2015,M,Habitat Generalist,Widespread
Red-throated Loon,Gavia stellata,358396,96811,792502,2006,2015,M,Arctic Tundra,Marine
Red-winged Blackbird,Agelaius phoeniceus,172973570,154908749,196698929,2006,2015,M,Habitat Generalist,Temperate North America
Red Crossbill,Loxia curvirostra,9585953,7856459,11542746,2006,2015,M,Forest Generalist,Temperate North America
Red Knot,Calidris canutus,139000,107715,196500,2011,2013,M,Arctic Tundra,Coastal
Reddish Egret,Egretta rufescens,4000,3600,4400,1995,1997,M,Coasts,Coastal
Redhead,Aythya americana,1216200,1022900,1409500,2013,2017,M,Wetland,Temperate North America
Rhinoceros Auklet,Cerorhinca monocerata,900000,450000,1350000,1997,1999,M,Coasts,Marine
Ring-billed Gull,Larus delawarensis,3740458,2828976,4916343,2006,2015,M,Wetland,Temperate North America
Ring-necked Duck,Aythya collaris,527400,370400,684300,2013,2017,M,Wetland,Temperate North America
Ring-necked Pheasant,Phasianus colchicus,16642331,14252196,19372599,2006,2015,Introduced,Introduced,Introduced
Rock Pigeon,Columba livia,16195053,14584425,17988593,2006,2015,Introduced,Introduced,Introduced
Rock Sandpiper,Calidris ptilocnemis,144800,67900,334400,2011,2013,M,Arctic Tundra,Coastal
Rock Wren,Salpinctes obsoletus,3362014,2744880,4115789,2006,2015,M,Aridlands,Southwestern Aridlands
Rose-breasted Grosbeak,Pheucticus ludovicianus,4715733,4058034,5474743,2006,2015,M,Eastern Forest,Widespread Neotropical
Roseate Spoonbill,Platalea ajaja,11000,8250,13750,1997,1999,M,Wetland,Widespread Neotropical
Ross's Goose,Anser rossii,2122006,1909805,2334207,2013,2015,M,Arctic Tundra,Temperate North America
Rough-legged Hawk,Buteo lagopus,296141,248433,370060,2006,2015,M,Arctic Tundra,Temperate North America
Royal Tern,Thalasseus maximus,35206,10179,70873,2006,2015,M,Coasts,Coastal
Ruby-crowned Kinglet,Regulus calendula,99900936,90024695,110791661,2006,2015,M,Boreal Forest,Temperate North America
Ruby-throated Hummingbird,Archilochus colubris,35777111,31236693,40921667,2006,2015,M,Eastern Forest,Mexico-Central America
Ruddy Duck,Oxyura jamaicensis,1334697,970409,1802652,2006,2015,M,Wetland,Widespread
Ruddy Turnstone,Arenaria interpres,245000,163333,367500,2011,2013,M,Arctic Tundra,Coastal
Ruffed Grouse,Bonasa umbellus,16500000,8250000,24750000,2004,2006,R,Forest Generalist,Temperate North America
Rufous-crowned Sparrow,Aimophila ruficeps,601135,407380,851057,2006,2015,R,Aridlands,Southwestern Aridlands
Rufous Hummingbird,Selasphorus rufus,21694644,13724171,32781297,2006,2015,M,Western Forest,Mexico-Central America
Rusty Blackbird,Euphagus carolinus,6804603,4919111,9459126,2006,2015,M,Boreal Forest,Temperate North America
Sage Thrasher,Oreoscoptes montanus,6362519,4673219,8479429,2006,2015,M,Aridlands,Southwestern Aridlands
Sagebrush Sparrow,Artemisiospiza nevadensis,5386123,3477545,8199885,2006,2015,M,Aridlands,Southwestern Aridlands
Sanderling,Calidris alba,300000,120000,750000,2011,2013,M,Arctic Tundra,Coastal
Sandhill Crane,Antigone canadensis,500000,450000,550000,2009,2011,M,Wetland,Widespread
Sandwich Tern,Thalasseus sandvicensis,93890,70418,117363,1984,1986,M,Coasts,Coastal
Savannah Sparrow,Passerculus sandwichensis,168676799,144322771,195333538,2006,2015,M,Grassland,Temperate North America
Say's Phoebe,Sayornis saya,5044646,4348767,5764857,2006,2015,M,Habitat Generalist,Southwestern Aridlands
Scaled Quail,Callipepla squamata,2393345,1766520,3168001,2006,2015,R,Aridlands,Southwestern Aridlands
Scarlet Tanager,Piranga olivacea,2574915,2256623,2956329,2006,2015,M,Eastern Forest,South America
Scissor-tailed Flycatcher,Tyrannus forficatus,7914013,6502356,9635329,2006,2015,M,Grassland,Mexico-Central America
Scott's Oriole,Icterus parisorum,1721724,1332821,2134384,2006,2015,M,Western Forest,Mexico-Central America
Seaside Sparrow,Ammospiza maritima,196782,32213,523319,2006,2015,M,Coasts,Coastal
Sedge Wren,Cistothorus platensis,5017990,4252225,5954334,2006,2015,M,Grassland,Temperate North America
Semipalmated Plover,Charadrius semipalmatus,200000,80000,500000,2011,2013,M,Arctic Tundra,Coastal
Semipalmated Sandpiper,Calidris pusilla,2260000,1728400,2791600,2011,2013,M,Arctic Tundra,Coastal
Sharp-shinned Hawk,Accipiter striatus,405947,303414,524274,2006,2015,M,Forest Generalist,Widespread
Sharp-tailed Grouse,Tympanuchus phasianellus,761942,569936,975726,2006,2015,R,Grassland,Temperate North America
Short-billed Dowitcher,Limnodromus griseus,153000,61200,382500,2011,2013,M,Wetland,Coastal
Short-eared Owl,Asio flammeus,602353,485388,747895,2006,2015,M,Habitat Generalist,Temperate North America
Smith's Longspur,Calcarius pictus,75000,18750,131250,1992,1994,M,Arctic Tundra,Temperate North America
Snow Bunting,Plectrophenax nivalis,14267309,14267309,14267309,2006,2015,M,Arctic Tundra,Temperate North America
Snow Goose,Anser caerulescens,15305450,13774905,16835995,2013,2015,M,Arctic Tundra,Temperate North America
Snowy Egret,Egretta thula,215935,152524,300633,2006,2015,M,Wetland,Widespread
Snowy Owl,Bubo scandiacus,14000,7000,21000,2011,2013,M,Arctic Tundra,Temperate North America
Snowy Plover,Charadrius nivosus,31350,23840,41225,2011,2013,M,Coasts,Coastal
Solitary Sandpiper,Tringa solitaria,189000,75600,472500,2011,2013,M,Wetland,South America
Song Sparrow,Melospiza melodia,126053605,118934257,133938545,2006,2015,M,Habitat Generalist,Temperate North America
Sooty Grouse,Dendragapus fuliginosus,2000000,1000000,3000000,2008,2010,R,Western Forest,Temperate North America
Sora,Porzana carolina,4428137,3481892,5601019,2006,2015,M,Wetland,Temperate North America
Spotted Sandpiper,Actitis macularius,660000,264000,1650000,2011,2013,M,Wetland,Widespread
Spotted Towhee,Pipilo maculatus,35271543,31027431,39773372,2006,2015,M,Western Forest,Temperate North America
Sprague's Pipit,Anthus spragueii,1394136,936560,2009643,2006,2015,M,Grassland,Southwestern Aridlands
Spruce Grouse,Falcipennis canadensis,11000000,5500000,16500000,2007,2009,R,Boreal Forest,Temperate North America
Steller's Eider,Polysticta stelleri,181000,135750,226250,2004,2006,M,Arctic Tundra,Marine
Steller's Jay,Cyanocitta stelleri,2705843,2239068,3237856,2006,2015,R,Western Forest,Temperate North America
Stilt Sandpiper,Calidris himantopus,1243700,418800,2068600,2011,2013,M,Arctic Tundra,Widespread
Summer Tanager,Piranga rubra,11302422,10343397,12384415,2006,2015,M,Eastern Forest,Widespread Neotropical
Surf Scoter,Melanitta perspicillata,600000,450000,750000,2004,2006,M,Wetland,Marine
Surfbird,Calidris virgata,70000,46667,105000,2011,2013,M,Arctic Tundra,Coastal
Swainson's Hawk,Buteo swainsoni,822598,714482,956228,2006,2015,M,Grassland,South America
Swainson's Thrush,Catharus ustulatus,121704609,102456492,144203885,2006,2015,M,Forest Generalist,South America
Swainson's Warbler,Limnothlypis swainsonii,156081,99540,235309,2006,2015,M,Eastern Forest,Caribbean
Swallow-tailed Kite,Elanoides forficatus,7500,3750,11250,2015,2017,M,Eastern Forest,Widespread Neotropical
Swamp Sparrow,Melospiza georgiana,23261464,20193095,26315495,2006,2015,M,Wetland,Temperate North America
Tennessee Warbler,Oreothlypis peregrina,111454361,80906890,149074619,2006,2015,M,Boreal Forest,Widespread Neotropical
Thick-billed Murre,Uria lomvia,8000000,4000000,12000000,1997,1999,M,Coasts,Marine
Townsend's Solitaire,Myadestes townsendi,1050595,834475,1298011,2006,2015,M,Western Forest,Temperate North America
Townsend's Warbler,Setophaga townsendi,21262275,16792636,26233697,2006,2015,M,Western Forest,Mexico-Central America
Tree Swallow,Tachycineta bicolor,18581775,16732180,20563777,2006,2015,M,Habitat Generalist,Widespread
Tricolored Blackbird,Agelaius tricolor,394858,296144,493573,2007,2009,M,Wetland,Temperate North America
Tricolored Heron,Egretta tricolor,57579,34376,88724,2006,2015,M,Wetland,Widespread
Trumpeter Swan,Cygnus buccinator,63016,56714,69318,2014,2016,M,Wetland,Temperate North America
Tufted Titmouse,Baeolophus bicolor,11970837,10921948,13128862,2006,2015,R,Eastern Forest,Temperate North America
Tundra Swan,Cygnus columbianus,183000,129200,236900,2013,2017,M,Arctic Tundra,Temperate North America
Turkey Vulture,Cathartes aura,8418387,7705474,9163886,2006,2015,M,Habitat Generalist,Widespread
Upland Sandpiper,Bartramia longicauda,750000,500000,1125000,2011,2013,M,Grassland,South America
Varied Bunting,Passerina versicolor,69313,27061,135722,2006,2015,M,Aridlands,Mexico-Central America
Varied Thrush,Ixoreus naevius,34514221,26180031,44500981,2006,2015,M,Western Forest,Temperate North America
Vaux's Swift,Chaetura vauxi,418576,284294,607235,2006,2015,M,Western Forest,Mexico-Central America
Veery,Catharus fuscescens,11186101,9451271,13166545,2006,2015,M,Forest Generalist,South America
Verdin,Auriparus flaviceps,3810209,2615935,5392903,2006,2015,R,Aridlands,Southwestern Aridlands
Vermilion Flycatcher,Pyrocephalus rubinus,538032,324197,798482,2006,2015,M,Aridlands,Mexico-Central America
Vesper Sparrow,Pooecetes gramineus,35053955,30378748,40800937,2006,2015,M,Grassland,Southwestern Aridlands
Violet-green Swallow,Tachycineta thalassina,6724535,5560970,8017545,2006,2015,M,Western Forest,Mexico-Central America
Virginia's Warbler,Oreothlypis virginiae,904013,567681,1360062,2006,2015,M,Western Forest,Mexico-Central America
Virginia Rail,Rallus limicola,232547,160326,321031,2006,2015,M,Wetland,Temperate North America
Wandering Tattler,Tringa incana,17500,10000,25000,2011,2013,M,Arctic Tundra,Coastal
Warbling Vireo,Vireo gilvus,52333042,46022570,58752802,2006,2015,M,Forest Generalist,Mexico-Central America
Western Bluebird,Sialia mexicana,5661189,4392144,7058744,2006,2015,M,Western Forest,Temperate North America
Western Grebe,Aechmophorus occidentalis,989858,425689,1889334,2006,2015,M,Wetland,Temperate North America
Western Gull,Larus occidentalis,44003,11262,90819,2006,2015,M,Coasts,Coastal
Western Kingbird,Tyrannus verticalis,28830127,24939575,33543450,2006,2015,M,Grassland,Mexico-Central America
Western Meadowlark,Sturnella neglecta,95124368,83326234,107339715,2006,2015,M,Grassland,Southwestern Aridlands
Western Sandpiper,Calidris mauri,3500000,2333333,5250000,2011,2013,M,Arctic Tundra,Widespread
Western Screech-Owl,Megascops kennicottii,240461,121691,401313,2006,2015,R,Western Forest,Temperate North America
Western Tanager,Piranga ludoviciana,15020244,12899162,17361777,2006,2015,M,Western Forest,Mexico-Central America
Western Wood-Pewee,Contopus sordidulus,8845348,7660907,10112663,2006,2015,M,Western Forest,South America
Whimbrel,Numenius phaeopus,80000,53333,120000,2011,2013,M,Arctic Tundra,Coastal
White-breasted Nuthatch,Sitta carolinensis,10035072,9249484,10873200,2006,2015,R,Forest Generalist,Temperate North America
White-crowned Sparrow,Zonotrichia leucophrys,79258794,63587655,97291972,2006,2015,M,Habitat Generalist,Temperate North America
White-eyed Vireo,Vireo griseus,22090753,20223913,24179468,2006,2015,M,Eastern Forest,Mexico-Central America
White-faced Ibis,Plegadis chihi,1332908,700651,2146390,2006,2015,M,Wetland,Widespread
White-headed Woodpecker,Dryobates albolarvatus,243113,168463,340504,2006,2015,R,Western Forest,Temperate North America
White-rumped Sandpiper,Calidris fuscicollis,1694000,560100,3827900,2011,2013,M,Arctic Tundra,South America
White-tailed Kite,Elanus leucurus,15718,8293,26310,2006,2015,R,Habitat Generalist,Widespread
White-throated Sparrow,Zonotrichia albicollis,162847702,138867549,189194261,2006,2015,M,Boreal Forest,Temperate North America
White-throated Swift,Aeronautes saxatalis,2382771,1600983,3298803,2006,2015,M,Aridlands,Southwestern Aridlands
White-winged Crossbill,Loxia leucoptera,39691698,30030233,51497702,2006,2015,M,Boreal Forest,Temperate North America
White-winged Dove,Zenaida asiatica,5159586,3579714,7462483,2006,2015,M,Aridlands,Southwestern Aridlands
White-winged Scoter,Melanitta fusca,400000,200000,600000,2004,2006,M,Wetland,Marine
White Ibis,Eudocimus albus,1170987,807222,1696093,2006,2015,M,Wetland,Widespread
Wild Turkey,Meleagris gallopavo,6750000,6075000,7425000,2008,2010,R,Forest Generalist,Temperate North America
Willet,Tringa semipalmata,250000,100000,625000,2011,2013,M,Wetland,Coastal
Williamson's Sapsucker,Sphyrapicus thyroideus,294829,209789,398019,2006,2015,M,Western Forest,Temperate North America
Willow Flycatcher,Empidonax traillii,8095093,6902363,9486416,2006,2015,M,Eastern Forest,Widespread Neotropical
Willow Ptarmigan,Lagopus lagopus,12784429,7232901,21298386,2006,2015,M,Arctic Tundra,Temperate North America
Wilson's Phalarope,Phalaropus tricolor,1500000,600000,3750000,2011,2013,M,Wetland,South America
Wilson's Plover,Charadrius wilsonia,8600,5733,12900,2011,2013,M,Coasts,Coastal
Wilson's Snipe,Gallinago delicata,2000000,800000,5000000,2011,2013,M,Wetland,Widespread
Wilson's Warbler,Cardellina pusilla,81271984,65743361,98288305,2006,2015,M,Forest Generalist,Mexico-Central America
Winter Wren,Troglodytes hiemalis,11140437,9052643,13798379,2006,2015,M,Boreal Forest,Temperate North America
Wood Duck,Aix sponsa,2148806,1930697,2371212,2006,2015,M,Wetland,Temperate North America
Wood Stork,Mycteria americana,15700,12560,18840,1994,1996,M,Wetland,Widespread Neotropical
Wood Thrush,Hylocichla mustelina,12191387,10959424,13589692,2006,2015,M,Eastern Forest,Mexico-Central America
Woodhouse's Scrub-Jay,Aphelocoma woodhouseii,692935,476075,1023759,2006,2015,R,Western Forest,Temperate North America
Worm-eating Warbler,Helmitheros vermivorum,784060,608710,988276,2006,2015,M,Eastern Forest,Caribbean
Wrentit,Chamaea fasciata,1753863,1095353,2807164,2006,2015,R,Aridlands,Temperate North America
Yellow-bellied Flycatcher,Empidonax flaviventris,13047639,10169586,16383394,2006,2015,M,Boreal Forest,Mexico-Central America
Yellow-bellied Sapsucker,Sphyrapicus varius,13523418,11628336,15891341,2006,2015,M,Eastern Forest,Widespread
Yellow-billed Cuckoo,Coccyzus americanus,8358126,7571171,9214892,2006,2015,M,Eastern Forest,South America
Yellow-billed Loon,Gavia adamsii,12000,8000,16000,2013,2017,M,Arctic Tundra,Marine
Yellow-billed Magpie,Pica nuttalli,396399,319891,491206,2007,2009,R,Western Forest,Temperate North America
Yellow-breasted Chat,Icteria virens,15066335,13315869,16929873,2006,2015,M,Eastern Forest,Mexico-Central America
Yellow-crowned Night-Heron,Nyctanassa violacea,129442,72714,233481,2006,2015,M,Coasts,Widespread
Yellow-headed Blackbird,Xanthocephalus xanthocephalus,11338466,8566820,14826716,2006,2015,M,Wetland,Temperate North America
Yellow-rumped Warbler,Setophaga coronata,173685250,155879524,190742853,2006,2015,M,Forest Generalist,Widespread
Yellow-throated Vireo,Vireo flavifrons,4705278,4250092,5161482,2006,2015,M,Eastern Forest,Mexico-Central America
Yellow-throated Warbler,Setophaga dominica,2039116,1732805,2359505,2006,2015,M,Eastern Forest,Caribbean
Yellow Warbler,Setophaga petechia,92640979,83231903,102629283,2006,2015,M,Forest Generalist,Widespread Neotropical
