Seq,AOU,English_Common_Name,French_Common_Name,Spanish_Common_Name,ORDER,Family,Genus,Species
128,10,Western Grebe,GrËbe ÈlÈgant,Aechmophorus occidentalis,Podicipediformes,Podicipedidae,Aechmophorus,occidentalis
129,11,Clark's Grebe,GrËbe ‡ face blanche,Aechmophorus clarkii,Podicipediformes,Podicipedidae,Aechmophorus,clarkii
130,12,unid. Western Grebe / Clark's Grebe,unid GrËbe ÈlÈgant / GrËbe ‡ face blanche,Aechmophorus occidentalis / clarkii,Podicipediformes,Podicipedidae,Aechmophorus,occidentalis / clarkii
126,20,Red-necked Grebe,GrËbe jougris,Podiceps grisegena,Podicipediformes,Podicipedidae,Podiceps,grisegena
125,30,Horned Grebe,GrËbe esclavon,Podiceps auritus,Podicipediformes,Podicipedidae,Podiceps,auritus
127,40,Eared Grebe,GrËbe ‡ cou noir,Podiceps nigricollis,Podicipediformes,Podicipedidae,Podiceps,nigricollis
123,50,Least Grebe,GrËbe minime,Tachybaptus dominicus,Podicipediformes,Podicipedidae,Tachybaptus,dominicus
124,60,Pied-billed Grebe,GrËbe ‡ bec bigarrÈ,Podilymbus podiceps,Podicipediformes,Podicipedidae,Podilymbus,podiceps
487,70,Common Loon,Plongeon huard,Gavia immer,Gaviiformes,Gaviidae,Gavia,immer
489,77,unid. loon,plongeon sp.,Gavia sp.,Gaviiformes,Gaviidae,Gavia,sp.
488,80,Yellow-billed Loon,Plongeon ‡ bec blanc,Gavia adamsii,Gaviiformes,Gaviidae,Gavia,adamsii
485,90,Arctic Loon,Plongeon arctique,Gavia arctica,Gaviiformes,Gaviidae,Gavia,arctica
486,100,Pacific Loon,Plongeon du Pacifique,Gavia pacifica,Gaviiformes,Gaviidae,Gavia,pacifica
484,110,Red-throated Loon,Plongeon catmarin,Gavia stellata,Gaviiformes,Gaviidae,Gavia,stellata
424,120,Tufted Puffin,Macareux huppÈ,Fratercula cirrhata,Charadriiformes,Alcidae,Fratercula,cirrhata
423,140,Horned Puffin,Macareux cornu,Fratercula corniculata,Charadriiformes,Alcidae,Fratercula,corniculata
421,150,Rhinoceros Auklet,Macareux rhinocÈros,Cerorhinca monocerata,Charadriiformes,Alcidae,Cerorhinca,monocerata
416,160,Cassin's Auklet,Starique de Cassin,Ptychoramphus aleuticus,Charadriiformes,Alcidae,Ptychoramphus,aleuticus
415,210,Ancient Murrelet,Guillemot ‡ cou blanc,Synthliboramphus antiquus,Charadriiformes,Alcidae,Synthliboramphus,antiquus
410,230,Marbled Murrelet,Guillemot marbrÈ,Brachyramphus marmoratus,Charadriiformes,Alcidae,Brachyramphus,marmoratus
411,240,Kittlitz's Murrelet,Guillemot de Kittlitz,Brachyramphus brevirostris,Charadriiformes,Alcidae,Brachyramphus,brevirostris
407,270,Black Guillemot,Guillemot ‡ miroir,Cepphus grylle,Charadriiformes,Alcidae,Cepphus,grylle
408,290,Pigeon Guillemot,Guillemot colombin,Cepphus columba,Charadriiformes,Alcidae,Cepphus,columba
403,300,Common Murre,Guillemot marmette,Uria aalge,Charadriiformes,Alcidae,Uria,aalge
404,310,Thick-billed Murre,Guillemot de Br¸nnich,Uria lomvia,Charadriiformes,Alcidae,Uria,lomvia
405,315,unid. Common Murre / Thick-billed Murre,unid Guillemot marmette / Guillemot de Br¸nnich,Uria aalge / lomvia,Charadriiformes,Laridae,Uria,aalge / lomvia
406,320,Razorbill,Petit Pingouin,Alca torda,Charadriiformes,Alcidae,Alca,torda
399,360,Pomarine Jaeger,Labbe pomarin,Stercorarius pomarinus,Charadriiformes,Stercorariidae,Stercorarius,pomarinus
400,370,Parasitic Jaeger,Labbe parasite,Stercorarius parasiticus,Charadriiformes,Stercorariidae,Stercorarius,parasiticus
401,380,Long-tailed Jaeger,Labbe ‡ longue queue,Stercorarius longicaudus,Charadriiformes,Stercorariidae,Stercorarius,longicaudus
426,400,Black-legged Kittiwake,Mouette tridactyle,Rissa tridactyla,Charadriiformes,Laridae,Rissa,tridactyla
453,420,Glaucous Gull,GoÈland bourgmestre,Larus hyperboreus,Charadriiformes,Laridae,Larus,hyperboreus
448,430,Iceland Gull,GoÈland arctique,Larus glaucoides,Charadriiformes,Laridae,Larus,glaucoides
451,440,Glaucous-winged Gull,GoÈland ‡ ailes grises,Larus glaucescens,Charadriiformes,Laridae,Larus,glaucescens
454,470,Great Black-backed Gull,GoÈland marin,Larus marinus,Charadriiformes,Laridae,Larus,marinus
450,480,Slaty-backed Gull,GoÈland ‡ manteau ardoisÈ,Larus schistisagus,Charadriiformes,Laridae,Larus,schistisagus
443,490,Western Gull,GoÈland d'Audubon,Larus occidentalis,Charadriiformes,Laridae,Larus,occidentalis
452,495,hybrid Western Gull x Glaucous-winged Gull,hybride GoÈland ‡ ailes grises x d'Audubon,Larus occidentalis x glaucescens,Charadriiformes,Laridae,Larus,occidentalis x glaucescens
449,500,Lesser Black-backed Gull,GoÈland brun,Larus fuscus,Charadriiformes,Laridae,Larus,fuscus
446,510,Herring Gull,GoÈland argentÈ,Larus argentatus,Charadriiformes,Laridae,Larus,argentatus
445,530,California Gull,GoÈland de Californie,Larus californicus,Charadriiformes,Laridae,Larus,californicus
456,534,unid. gull,unid GoÈland sp.,Gull sp.,Charadriiformes,Laridae,Gull,sp.
442,540,Ring-billed Gull,GoÈland ‡ bec cerclÈ,Larus delawarensis,Charadriiformes,Laridae,Larus,delawarensis
441,550,Mew Gull,GoÈland cendrÈ,Larus canus,Charadriiformes,Laridae,Larus,canus
432,551,Black-headed Gull,Mouette rieuse,Chroicocephalus ridibundus,Charadriiformes,Laridae,Chroicocephalus,ridibundus
440,570,Heermann's Gull,GoÈland de Heermann,Larus heermanni,Charadriiformes,Laridae,Larus,heermanni
436,580,Laughing Gull,Mouette atricille,Leucophaeus atricilla,Charadriiformes,Laridae,Leucophaeus,atricilla
437,590,Franklin's Gull,Mouette de Franklin,Leucophaeus pipixcan,Charadriiformes,Laridae,Leucophaeus,pipixcan
430,600,Bonaparte's Gull,Mouette de Bonaparte,Chroicocephalus philadelphia,Charadriiformes,Laridae,Chroicocephalus,philadelphia
433,601,Little Gull,Mouette pygmÈe,Hydrocoloeus minutus,Charadriiformes,Laridae,Hydrocoloeus,minutus
434,610,Ross's Gull,Mouette rosÈe,Rhodostethia rosea,Charadriiformes,Laridae,Rhodostethia,rosea
429,620,Sabine's Gull,Mouette de Sabine,Xema sabini,Charadriiformes,Laridae,Xema,sabini
466,630,Gull-billed Tern,Sterne hansel,Gelochelidon nilotica,Charadriiformes,Laridae,Gelochelidon,nilotica
478,634,unid. tern,unid Sterne sp.,Tern sp.,Charadriiformes,Laridae,Tern,sp.
467,640,Caspian Tern,Sterne caspienne,Hydroprogne caspia,Charadriiformes,Laridae,Hydroprogne,caspia
475,650,Royal Tern,Sterne royale,Thalasseus maximus,Charadriiformes,Laridae,Thalasseus,maximus
477,660,Elegant Tern,Sterne ÈlÈgante,Thalasseus elegans,Charadriiformes,Laridae,Thalasseus,elegans
476,670,Sandwich Tern,Sterne caugek,Thalasseus sandvicensis,Charadriiformes,Laridae,Thalasseus,sandvicensis
474,690,Forster's Tern,Sterne de Forster,Sterna forsteri,Charadriiformes,Laridae,Sterna,forsteri
472,700,Common Tern,Sterne pierregarin,Sterna hirundo,Charadriiformes,Laridae,Sterna,hirundo
473,710,Arctic Tern,Sterne arctique,Sterna paradisaea,Charadriiformes,Laridae,Sterna,paradisaea
471,720,Roseate Tern,Sterne de Dougall,Sterna dougallii,Charadriiformes,Laridae,Sterna,dougallii
463,730,Aleutian Tern,Sterne des AlÈoutiennes,Onychoprion aleuticus,Charadriiformes,Laridae,Onychoprion,aleuticus
464,740,Least Tern,Petite Sterne,Sternula antillarum,Charadriiformes,Laridae,Sternula,antillarum
468,770,Black Tern,Guifette noire,Chlidonias niger,Charadriiformes,Laridae,Chlidonias,niger
479,800,Black Skimmer,Bec-en-ciseaux noir,Rynchops niger,Charadriiformes,Laridae,Rynchops,niger
516,860,Northern Fulmar,Fulmar borÈal,Fulmarus glacialis,Procellariiformes,Procellariidae,Fulmarus,glacialis
538,880,Cory's Shearwater,Puffin cendrÈ,Calonectris diomedea,Procellariiformes,Procellariidae,Calonectris,diomedea
549,900,Manx Shearwater,Puffin des Anglais,Puffinus puffinus,Procellariiformes,Procellariidae,Puffinus,puffinus
506,1060,Leach's Storm-Petrel,OcÈanite cul-blanc,Hydrobates leucorhous,Procellariiformes,Hydrobatidae,Hydrobates,leucorhous
560,1140,Masked Booby,Fou masquÈ,Sula dactylatra,Suliformes,Sulidae,Sula,dactylatra
562,1141,Blue-footed Booby,Fou ‡ pieds bleus,Sula nebouxii,Suliformes,Sulidae,Sula,nebouxii
563,1150,Brown Booby,Fou brun,Sula leucogaster,Suliformes,Sulidae,Sula,leucogaster
565,1170,Northern Gannet,Fou de Bassan,Morus bassanus,Suliformes,Sulidae,Morus,bassanus
575,1180,Anhinga,Anhinga d'AmÈrique,Anhinga anhinga,Suliformes,Anhingidae,Anhinga,anhinga
570,1190,Great Cormorant,Grand Cormoran,Phalacrocorax carbo,Suliformes,Phalacrocoracidae,Phalacrocorax,carbo
568,1200,Double-crested Cormorant,Cormoran ‡ aigrettes,Phalacrocorax auritus,Suliformes,Phalacrocoracidae,Phalacrocorax,auritus
569,1205,unid. Neotropic / Double-crested Cormorant,Cormoran vigua / Cormoran ‡ aigrettes,Phalacrocorax brasilianus / auritus,Suliformes,Phalacrocoracidae,Phalacrocorax,brasilianus / auritus
571,1206,unid. Double-crested Cormorant / Great Cormorant,Cormoran ‡ aigrettes / Grand Cormoran,Phalacrocorax auritus / carbo,Suliformes,Phalacrocoracidae,Phalacrocorax,auritus / carbo
574,1207,unid. west coast cormorant,unid Cormoran de la cÙte ouest,Phalacrocorax sp.,Suliformes,Phalacrocoracidae,Phalacrocorax,sp.
567,1210,Neotropic Cormorant,Cormoran vigua,Phalacrocorax brasilianus,Suliformes,Phalacrocoracidae,Phalacrocorax,brasilianus
566,1220,Brandt's Cormorant,Cormoran de Brandt,Phalacrocorax penicillatus,Suliformes,Phalacrocoracidae,Phalacrocorax,penicillatus
573,1230,Pelagic Cormorant,Cormoran pÈlagique,Phalacrocorax pelagicus,Suliformes,Phalacrocoracidae,Phalacrocorax,pelagicus
576,1250,American White Pelican,PÈlican d'AmÈrique,Pelecanus erythrorhynchos,Pelecaniformes,Pelecanidae,Pelecanus,erythrorhynchos
577,1260,Brown Pelican,PÈlican brun,Pelecanus occidentalis,Pelecaniformes,Pelecanidae,Pelecanus,occidentalis
558,1280,Magnificent Frigatebird,FrÈgate superbe,Fregata magnificens,Suliformes,Fregatidae,Fregata,magnificens
74,1290,Common Merganser,Grand Harle,Mergus merganser,Anseriformes,Anatidae,Mergus,merganser
75,1300,Red-breasted Merganser,Harle huppÈ,Mergus serrator,Anseriformes,Anatidae,Mergus,serrator
73,1310,Hooded Merganser,Harle couronnÈ,Lophodytes cucullatus,Anseriformes,Anatidae,Lophodytes,cucullatus
40,1320,Mallard,Canard colvert,Anas platyrhynchos,Anseriformes,Anatidae,Anas,platyrhynchos
44,1326,hybrid Mallard x Black Duck or Mottled Duck,hybride Canard colvert x Canard noir,Anas platyrhynchos x rubripes or fulvigula,Anseriformes,Anatidae,Anas,platyrhynchos x rubripes or fulvigula
42,1330,American Black Duck,Canard noir,Anas rubripes,Anseriformes,Anatidae,Anas,rubripes
41,1331,(Mexican Duck) Mallard,Canard du Mexique,Anas platyrhynchos diazi,Anseriformes,Anatidae,Anas,platyrhynchos diazi
43,1340,Mottled Duck,Canard brun,Anas fulvigula,Anseriformes,Anatidae,Anas,fulvigula
35,1350,Gadwall,Canard chipeau,Mareca strepera,Anseriformes,Anatidae,Mareca,strepera
37,1360,Eurasian Wigeon,Canard siffleur,Mareca penelope,Anseriformes,Anatidae,Mareca,penelope
38,1370,American Wigeon,Canard d'AmÈrique,Mareca americana,Anseriformes,Anatidae,Mareca,americana
47,1390,Green-winged Teal,Sarcelle d'hiver,Anas crecca,Anseriformes,Anatidae,Anas,crecca
32,1400,Blue-winged Teal,Sarcelle ‡ ailes bleues,Spatula discors,Anseriformes,Anatidae,Spatula,discors
33,1410,Cinnamon Teal,Sarcelle cannelle,Spatula cyanoptera,Anseriformes,Anatidae,Spatula,cyanoptera
34,1420,Northern Shoveler,Canard souchet,Spatula clypeata,Anseriformes,Anatidae,Spatula,clypeata
46,1430,Northern Pintail,Canard pilet,Anas acuta,Anseriformes,Anatidae,Anas,acuta
29,1440,Wood Duck,Canard branchu,Aix sponsa,Anseriformes,Anatidae,Aix,sponsa
49,1460,Redhead,Fuligule ‡ tÍte rouge,Aythya americana,Anseriformes,Anatidae,Aythya,americana
48,1470,Canvasback,Fuligule ‡ dos blanc,Aythya valisineria,Anseriformes,Anatidae,Aythya,valisineria
53,1480,Greater Scaup,Fuligule milouinan,Aythya marila,Anseriformes,Anatidae,Aythya,marila
55,1489,unid. Greater Scaup / Lesser Scaup,unid Fuligule milouinan / Petit Fuligule,Aythya marila / affinis,Anseriformes,Anatidae,Aythya,marila / affinis
54,1490,Lesser Scaup,Petit Fuligule,Aythya affinis,Anseriformes,Anatidae,Aythya,affinis
52,1491,Tufted Duck,Fuligule morillon,Aythya fuligula,Anseriformes,Anatidae,Aythya,fuligula
51,1500,Ring-necked Duck,Fuligule ‡ collier,Aythya collaris,Anseriformes,Anatidae,Aythya,collaris
69,1510,Common Goldeneye,Garrot ‡ oeil d'or,Bucephala clangula,Anseriformes,Anatidae,Bucephala,clangula
71,1512,unid. Common Goldeneye / Barrow's Goldeneye,unid Garrot ‡ oeil d'or / Garrot d'Islande,Bucephala clangula / islandica,Anseriformes,Anatidae,Bucephala,clangula / islandica
70,1520,Barrow's Goldeneye,Garrot d'Islande,Bucephala islandica,Anseriformes,Anatidae,Bucephala,islandica
68,1530,Bufflehead,Petit Garrot,Bucephala albeola,Anseriformes,Anatidae,Bucephala,albeola
67,1540,Long-tailed Duck,Harelde kakawi,Clangula hyemalis,Anseriformes,Anatidae,Clangula,hyemalis
60,1550,Harlequin Duck,Arlequin plongeur,Histrionicus histrionicus,Anseriformes,Anatidae,Histrionicus,histrionicus
59,1590,Common Eider,Eider ‡ duvet,Somateria mollissima,Anseriformes,Anatidae,Somateria,mollissima
58,1620,King Eider,Eider ‡ tÍte grise,Somateria spectabilis,Anseriformes,Anatidae,Somateria,spectabilis
65,1630,Black Scoter,Macreuse ‡ bec jaune,Melanitta americana,Anseriformes,Anatidae,Melanitta,americana
62,1650,White-winged Scoter,Macreuse ‡ ailes blanches,Melanitta deglandi,Anseriformes,Anatidae,Melanitta,deglandi
66,1657,unid. scoter,unid macreuse sp.,Melanitta sp.,Anseriformes,Anatidae,Melanitta,sp.
61,1660,Surf Scoter,Macreuse ‡ front blanc,Melanitta perspicillata,Anseriformes,Anatidae,Melanitta,perspicillata
77,1670,Ruddy Duck,…rismature rousse,Oxyura jamaicensis,Anseriformes,Anatidae,Oxyura,jamaicensis
9,1690,Snow Goose,Oie des neiges,Anser caerulescens,Anseriformes,Anatidae,Anser,caerulescens
10,1691,(Blue Goose) Snow Goose,Oie des neiges (forme bleue),Anser caerulescens (blue form),Anseriformes,Anatidae,Anser,caerulescens (blue form)
11,1700,Ross's Goose,Oie de Ross,Anser rossii,Anseriformes,Anatidae,Anser,rossii
13,1710,Greater White-fronted Goose,Oie rieuse,Anser albifrons,Anseriformes,Anatidae,Anser,albifrons
22,1720,Canada Goose,Bernache du Canada,Branta canadensis,Anseriformes,Anatidae,Branta,canadensis
21,1725,Cackling Goose,Bernache de Hutchins,Branta hutchinsii,Anseriformes,Anatidae,Branta,hutchinsii
18,1730,Brant,Bernache cravant,Branta bernicla,Anseriformes,Anatidae,Branta,bernicla
19,1740,(Black Brant) Brant,Bernache cravant (groupe nigricans),Branta bernicla nigricans,Anseriformes,Anatidae,Branta,bernicla nigricans
8,1760,Emperor Goose,Oie empereur,Anser canagicus,Anseriformes,Anatidae,Anser,canagicus
6,1770,Black-bellied Whistling-Duck,Dendrocygne ‡ ventre noir,Dendrocygna autumnalis,Anseriformes,Anatidae,Dendrocygna,autumnalis
7,1780,Fulvous Whistling-Duck,Dendrocygne fauve,Dendrocygna bicolor,Anseriformes,Anatidae,Dendrocygna,bicolor
23,1782,Mute Swan,Cygne tuberculÈ,Cygnus olor,Anseriformes,Anatidae,Cygnus,olor
25,1800,Tundra Swan,Cygne siffleur,Cygnus columbianus,Anseriformes,Anatidae,Cygnus,columbianus
24,1810,Trumpeter Swan,Cygne trompette,Cygnus buccinator,Anseriformes,Anatidae,Cygnus,buccinator
610,1830,Roseate Spoonbill,Spatule rosÈe,Platalea ajaja,Pelecaniformes,Threskiornithidae,Platalea,ajaja
605,1840,White Ibis,Ibis blanc,Eudocimus albus,Pelecaniformes,Threskiornithidae,Eudocimus,albus
607,1860,Glossy Ibis,Ibis falcinelle,Plegadis falcinellus,Pelecaniformes,Threskiornithidae,Plegadis,falcinellus
609,1861,unid. Glossy Ibis / White-faced Ibis,unid Ibis falcinelle / Ibis ‡ face blanche,Plegadis falcinellus / chihi,Pelecaniformes,Threskiornithidae,Plegadis,falcinellus / chihi
608,1870,White-faced Ibis,Ibis ‡ face blanche,Plegadis chihi,Pelecaniformes,Threskiornithidae,Plegadis,chihi
556,1880,Wood Stork,Tantale d'AmÈrique,Mycteria americana,Ciconiiformes,Ciconiidae,Mycteria,americana
579,1900,American Bittern,Butor d'AmÈrique,Botaurus lentiginosus,Pelecaniformes,Ardeidae,Botaurus,lentiginosus
581,1910,Least Bittern,Petit Blongios,Ixobrychus exilis,Pelecaniformes,Ardeidae,Ixobrychus,exilis
584,1920,(Great White Heron) Great Blue Heron,Grand HÈron (blanche),Ardea herodias occidentalis,Pelecaniformes,Ardeidae,Ardea,herodias occidentalis
583,1940,Great Blue Heron,Grand HÈron,Ardea herodias,Pelecaniformes,Ardeidae,Ardea,herodias
604,1945,unid. heron / egret,unid hÈron / aigrette sp.,Ardeid sp.,Pelecaniformes,Ardeidae,Ardeid,sp.
586,1960,Great Egret,Grande Aigrette,Ardea alba,Pelecaniformes,Ardeidae,Ardea,alba
589,1961,Little Egret,Aigrette garzette,Egretta garzetta,Pelecaniformes,Ardeidae,Egretta,garzetta
591,1970,Snowy Egret,Aigrette neigeuse,Egretta thula,Pelecaniformes,Ardeidae,Egretta,thula
594,1980,Reddish Egret,Aigrette rouss‚tre,Egretta rufescens,Pelecaniformes,Ardeidae,Egretta,rufescens
593,1990,Tricolored Heron,Aigrette tricolore,Egretta tricolor,Pelecaniformes,Ardeidae,Egretta,tricolor
592,2000,Little Blue Heron,Aigrette bleue,Egretta caerulea,Pelecaniformes,Ardeidae,Egretta,caerulea
595,2001,Cattle Egret,HÈron garde-boeufs,Bubulcus ibis,Pelecaniformes,Ardeidae,Bubulcus,ibis
597,2010,Green Heron,HÈron vert,Butorides virescens,Pelecaniformes,Ardeidae,Butorides,virescens
600,2020,Black-crowned Night-Heron,Bihoreau gris,Nycticorax nycticorax,Pelecaniformes,Ardeidae,Nycticorax,nycticorax
601,2030,Yellow-crowned Night-Heron,Bihoreau violacÈ,Nyctanassa violacea,Pelecaniformes,Ardeidae,Nyctanassa,violacea
602,2035,unid Black-crowned / Yellow-crowned Night-Heron,unid Bihoreau gris / Bihoreau violacÈ,Nycticorax / Nyctanassa nycticorax / violacea,Pelecaniformes,Ardeidae,Nycticorax / Nyctanassa,nycticorax / violacea
301,2040,Whooping Crane,Grue blanche,Grus americana,Gruiformes,Gruidae,Grus,americana
299,2060,Sandhill Crane,Grue du Canada,Antigone canadensis,Gruiformes,Gruidae,Antigone,canadensis
298,2070,Limpkin,Courlan brun,Aramus guarauna,Gruiformes,Aramidae,Aramus,guarauna
281,2080,King Rail,R‚le ÈlÈgant,Rallus elegans,Gruiformes,Rallidae,Rallus,elegans
282,2090,unid. Clapper / King Rail,unid R‚le ÈlÈgant / R‚le Gris,Rallus crepitans / elegans,Gruiformes,Rallidae,Rallus,crepitans / elegans
279,2110,Clapper Rail,R‚le tapageur,Rallus crepitans,Gruiformes,Rallidae,Rallus,crepitans
278,2111,Ridgway's Rail,R‚le de Californie,Rallus obsoletus,Gruiformes,Rallidae,Rallus,obsoletus
283,2120,Virginia Rail,R‚le de Virginie,Rallus limicola,Gruiformes,Rallidae,Rallus,limicola
287,2140,Sora,Marouette de Caroline,Porzana carolina,Gruiformes,Rallidae,Porzana,carolina
273,2150,Yellow Rail,R‚le jaune,Coturnicops noveboracensis,Gruiformes,Rallidae,Coturnicops,noveboracensis
276,2160,Black Rail,R‚le noir,Laterallus jamaicensis,Gruiformes,Rallidae,Laterallus,jamaicensis
291,2180,Purple Gallinule,TalËve violacÈe,Porphyrio martinicus,Gruiformes,Rallidae,Porphyrio,martinicus
293,2190,Common Gallinule,Gallinule d'AmÈrique,Gallinula galeata,Gruiformes,Rallidae,Gallinula,galeata
296,2210,American Coot,Foulque d'AmÈrique,Fulica americana,Gruiformes,Rallidae,Fulica,americana
394,2230,Red-necked Phalarope,Phalarope ‡ bec Ètroit,Phalaropus lobatus,Charadriiformes,Scolopacidae,Phalaropus,lobatus
393,2240,Wilson's Phalarope,Phalarope de Wilson,Phalaropus tricolor,Charadriiformes,Scolopacidae,Phalaropus,tricolor
305,2250,American Avocet,Avocette d'AmÈrique,Recurvirostra americana,Charadriiformes,Recurvirostridae,Recurvirostra,americana
304,2260,Black-necked Stilt,…chasse d'AmÈrique,Himantopus mexicanus,Charadriiformes,Recurvirostridae,Himantopus,mexicanus
372,2280,American Woodcock,BÈcasse d'AmÈrique,Scolopax minor,Charadriiformes,Scolopacidae,Scolopax,minor
376,2300,Wilson's Snipe,BÈcassine de Wilson,Gallinago delicata,Charadriiformes,Scolopacidae,Gallinago,delicata
367,2310,Short-billed Dowitcher,BÈcassin roux,Limnodromus griseus,Charadriiformes,Scolopacidae,Limnodromus,griseus
368,2320,Long-billed Dowitcher,BÈcassin ‡ long bec,Limnodromus scolopaceus,Charadriiformes,Scolopacidae,Limnodromus,scolopaceus
369,2327,unid. Short-billed / Long-billed Dowitcher,unid BÈcassin roux / BÈcassin ‡ long bec,Limnodromus griseus / scolopaceus,Charadriiformes,Scolopacidae,Limnodromus,griseus / scolopaceus
348,2330,Stilt Sandpiper,BÈcasseau ‡ Èchasses,Calidris himantopus,Charadriiformes,Scolopacidae,Calidris,himantopus
343,2340,Red Knot,BÈcasseau maubËche,Calidris canutus,Charadriiformes,Scolopacidae,Calidris,canutus
357,2350,Purple Sandpiper,BÈcasseau violet,Calidris maritima,Charadriiformes,Scolopacidae,Calidris,maritima
356,2356,Rock Sandpiper,BÈcasseau des AlÈoutiennes,Calidris ptilocnemis,Charadriiformes,Scolopacidae,Calidris,ptilocnemis
347,2380,Sharp-tailed Sandpiper,BÈcasseau ‡ queue pointue,Calidris acuminata,Charadriiformes,Scolopacidae,Calidris,acuminata
363,2390,Pectoral Sandpiper,BÈcasseau ‡ poitrine cendrÈe,Calidris melanotos,Charadriiformes,Scolopacidae,Calidris,melanotos
361,2400,White-rumped Sandpiper,BÈcasseau ‡ croupion blanc,Calidris fuscicollis,Charadriiformes,Scolopacidae,Calidris,fuscicollis
358,2410,Baird's Sandpiper,BÈcasseau de Baird,Calidris bairdii,Charadriiformes,Scolopacidae,Calidris,bairdii
360,2420,Least Sandpiper,BÈcasseau minuscule,Calidris minutilla,Charadriiformes,Scolopacidae,Calidris,minutilla
353,2422,Red-necked Stint,BÈcasseau ‡ col roux,Calidris ruficollis,Charadriiformes,Scolopacidae,Calidris,ruficollis
366,2429,unid. small ''peep'' sandpiper,unid petit BÈcasseau sp.,Calidris sp.,Charadriiformes,Scolopacidae,Calidris,sp.
355,2430,Dunlin,BÈcasseau variable,Calidris alpina,Charadriiformes,Scolopacidae,Calidris,alpina
364,2460,Semipalmated Sandpiper,BÈcasseau semipalmÈ,Calidris pusilla,Charadriiformes,Scolopacidae,Calidris,pusilla
365,2470,Western Sandpiper,BÈcasseau d'Alaska,Calidris mauri,Charadriiformes,Scolopacidae,Calidris,mauri
354,2480,Sanderling,BÈcasseau sanderling,Calidris alba,Charadriiformes,Scolopacidae,Calidris,alba
339,2490,Marbled Godwit,Barge marbrÈe,Limosa fedoa,Charadriiformes,Scolopacidae,Limosa,fedoa
336,2500,Bar-tailed Godwit,Barge rousse,Limosa lapponica,Charadriiformes,Scolopacidae,Limosa,lapponica
338,2510,Hudsonian Godwit,Barge hudsonienne,Limosa haemastica,Charadriiformes,Scolopacidae,Limosa,haemastica
388,2530,Common Greenshank,Chevalier aboyeur,Tringa nebularia,Charadriiformes,Scolopacidae,Tringa,nebularia
389,2540,Greater Yellowlegs,Grand Chevalier,Tringa melanoleuca,Charadriiformes,Scolopacidae,Tringa,melanoleuca
384,2550,Lesser Yellowlegs,Petit Chevalier,Tringa flavipes,Charadriiformes,Scolopacidae,Tringa,flavipes
385,2555,unid. Greater Yellowlegs / Lesser Yellowlegs,unid Grand Chevalier / Petit Chevalier,Tringa melanoleuca / flavipes,Charadriiformes,Scolopacidae,Tringa,melanoleuca / flavipes
381,2560,Solitary Sandpiper,Chevalier solitaire,Tringa solitaria,Charadriiformes,Scolopacidae,Tringa,solitaria
386,2580,Willet,Chevalier semipalmÈ,Tringa semipalmata,Charadriiformes,Scolopacidae,Tringa,semipalmata
383,2590,Wandering Tattler,Chevalier errant,Tringa incana,Charadriiformes,Scolopacidae,Tringa,incana
345,2600,Ruff,Combattant variÈ,Calidris pugnax,Charadriiformes,Scolopacidae,Calidris,pugnax
328,2610,Upland Sandpiper,MaubËche des champs,Bartramia longicauda,Charadriiformes,Scolopacidae,Bartramia,longicauda
362,2620,Buff-breasted Sandpiper,BÈcasseau rouss‚tre,Calidris subruficollis,Charadriiformes,Scolopacidae,Calidris,subruficollis
379,2630,Spotted Sandpiper,Chevalier grivelÈ,Actitis macularius,Charadriiformes,Scolopacidae,Actitis,macularius
378,2631,Common Sandpiper,Chevalier guignette,Actitis hypoleucos,Charadriiformes,Scolopacidae,Actitis,hypoleucos
332,2640,Long-billed Curlew,Courlis ‡ long bec,Numenius americanus,Charadriiformes,Scolopacidae,Numenius,americanus
330,2650,Whimbrel,Courlis corlieu,Numenius phaeopus,Charadriiformes,Scolopacidae,Numenius,phaeopus
329,2680,Bristle-thighed Curlew,Courlis d'Alaska,Numenius tahitiensis,Charadriiformes,Scolopacidae,Numenius,tahitiensis
311,2700,Black-bellied Plover,Pluvier argentÈ,Pluvialis squatarola,Charadriiformes,Charadriidae,Pluvialis,squatarola
313,2720,American Golden-Plover,Pluvier bronzÈ,Pluvialis dominica,Charadriiformes,Charadriidae,Pluvialis,dominica
314,2721,Pacific Golden-Plover,Pluvier fauve,Pluvialis fulva,Charadriiformes,Charadriidae,Pluvialis,fulva
316,2730,Killdeer,Pluvier kildir,Charadrius vociferus,Charadriiformes,Charadriidae,Charadrius,vociferus
318,2740,Semipalmated Plover,Pluvier semipalmÈ,Charadrius semipalmatus,Charadriiformes,Charadriidae,Charadrius,semipalmatus
317,2750,Common Ringed Plover,Pluvier grand-gravelot,Charadrius hiaticula,Charadriiformes,Charadriidae,Charadrius,hiaticula
319,2770,Piping Plover,Pluvier siffleur,Charadrius melodus,Charadriiformes,Charadriidae,Charadrius,melodus
326,2780,Snowy Plover,Pluvier neigeux,Charadrius nivosus,Charadriiformes,Charadriidae,Charadrius,nivosus
323,2800,Wilson's Plover,Pluvier de Wilson,Charadrius wilsonia,Charadriiformes,Charadriidae,Charadrius,wilsonia
325,2810,Mountain Plover,Pluvier montagnard,Charadrius montanus,Charadriiformes,Charadriidae,Charadrius,montanus
344,2820,Surfbird,BÈcasseau du ressac,Calidris virgata,Charadriiformes,Scolopacidae,Calidris,virgata
340,2830,Ruddy Turnstone,Tournepierre ‡ collier,Arenaria interpres,Charadriiformes,Scolopacidae,Arenaria,interpres
341,2840,Black Turnstone,Tournepierre noir,Arenaria melanocephala,Charadriiformes,Scolopacidae,Arenaria,melanocephala
307,2860,American Oystercatcher,HuÓtrier d'AmÈrique,Haematopus palliatus,Charadriiformes,Haematopodidae,Haematopus,palliatus
308,2870,Black Oystercatcher,HuÓtrier de Bachman,Haematopus bachmani,Charadriiformes,Haematopodidae,Haematopus,bachmani
104,2881,Gray Partridge,Perdrix grise,Perdix perdix,Galliformes,Phasianidae,Perdix,perdix
101,2882,Chukar,Perdrix choukar,Alectoris chukar,Galliformes,Phasianidae,Alectoris,chukar
91,2890,Northern Bobwhite,Colin de Virginie,Colinus virginianus,Galliformes,Odontophoridae,Colinus,virginianus
86,2920,Mountain Quail,Colin des montagnes,Oreortyx pictus,Galliformes,Odontophoridae,Oreortyx,pictus
93,2930,Scaled Quail,Colin ÈcaillÈ,Callipepla squamata,Galliformes,Odontophoridae,Callipepla,squamata
95,2940,California Quail,Colin de Californie,Callipepla californica,Galliformes,Odontophoridae,Callipepla,californica
96,2950,Gambel's Quail,Colin de Gambel,Callipepla gambelii,Galliformes,Odontophoridae,Callipepla,gambelii
97,2960,Montezuma Quail,Colin arlequin,Cyrtonyx montezumae,Galliformes,Odontophoridae,Cyrtonyx,montezumae
114,2970,Dusky Grouse,TÈtras sombre,Dendragapus obscurus,Galliformes,Phasianidae,Dendragapus,obscurus
115,2971,Sooty Grouse,TÈtras fuligineux,Dendragapus fuliginosus,Galliformes,Phasianidae,Dendragapus,fuliginosus
116,2973,unid. Dusky Grouse / Sooty Grouse,unid TÈtras sombre / TÈtras fuligineux,Dendragapus obscurus / fuliginosus,Galliformes,Phasianidae,Dendragapus,obscurus / fuliginosus
110,2980,Spruce Grouse,TÈtras du Canada,Falcipennis canadensis,Galliformes,Phasianidae,Falcipennis,canadensis
107,3000,Ruffed Grouse,GÈlinotte huppÈe,Bonasa umbellus,Galliformes,Phasianidae,Bonasa,umbellus
111,3010,Willow Ptarmigan,LagopËde des saules,Lagopus lagopus,Galliformes,Phasianidae,Lagopus,lagopus
112,3020,Rock Ptarmigan,LagopËde alpin,Lagopus muta,Galliformes,Phasianidae,Lagopus,muta
113,3040,White-tailed Ptarmigan,LagopËde ‡ queue blanche,Lagopus leucura,Galliformes,Phasianidae,Lagopus,leucura
118,3050,Greater Prairie-Chicken,TÈtras des prairies,Tympanuchus cupido,Galliformes,Phasianidae,Tympanuchus,cupido
119,3070,Lesser Prairie-Chicken,TÈtras p‚le,Tympanuchus pallidicinctus,Galliformes,Phasianidae,Tympanuchus,pallidicinctus
117,3080,Sharp-tailed Grouse,TÈtras ‡ queue fine,Tympanuchus phasianellus,Galliformes,Phasianidae,Tympanuchus,phasianellus
109,3089,Gunnison Sage-Grouse,TÈtras du Gunnison,Centrocercus minimus,Galliformes,Phasianidae,Centrocercus,minimus
108,3090,Greater Sage-Grouse,TÈtras des armoises,Centrocercus urophasianus,Galliformes,Phasianidae,Centrocercus,urophasianus
105,3091,Ring-necked Pheasant,Faisan de Colchide,Phasianus colchicus,Galliformes,Phasianidae,Phasianus,colchicus
106,3095,Indian Peafowl,Paon bleu,Pavo cristatus,Galliformes,Phasianidae,Pavo,cristatus
120,3100,Wild Turkey,Dindon sauvage,Meleagris gallopavo,Galliformes,Phasianidae,Meleagris,gallopavo
78,3110,Plain Chachalaca,Ortalide chacamel,Ortalis vetula,Galliformes,Cracidae,Ortalis,vetula
137,3120,Band-tailed Pigeon,Pigeon ‡ queue barrÈe,Patagioenas fasciata,Columbiformes,Columbidae,Patagioenas,fasciata
136,3130,Red-billed Pigeon,Pigeon ‡ bec rouge,Patagioenas flavirostris,Columbiformes,Columbidae,Patagioenas,flavirostris
131,3131,Rock Pigeon,Pigeon biset,Columba livia,Columbiformes,Columbidae,Columba,livia
135,3140,White-crowned Pigeon,Pigeon ‡ couronne blanche,Patagioenas leucocephala,Columbiformes,Columbidae,Patagioenas,leucocephala
143,3151,Spotted Dove,Tourterelle tigrine,Streptopelia chinensis,Columbiformes,Columbidae,Streptopelia,chinensis
140,3152,African Collared-Dove (a.k.a. Ringed Turtle-Dove),Tourterelle rieuse,Streptopelia roseogrisea,Columbiformes,Columbidae,Streptopelia,roseogrisea
160,3160,Mourning Dove,Tourterelle triste,Zenaida macroura,Columbiformes,Columbidae,Zenaida,macroura
152,3180,White-tipped Dove,Colombe de Verreaux,Leptotila verreauxi,Columbiformes,Columbidae,Leptotila,verreauxi
158,3190,White-winged Dove,Tourterelle ‡ ailes blanches,Zenaida asiatica,Columbiformes,Columbidae,Zenaida,asiatica
145,3200,Common Ground Dove,Colombe ‡ queue noire,Columbina passerina,Columbiformes,Columbidae,Columbina,passerina
147,3201,Ruddy Ground Dove,Colombe rousse,Columbina talpacoti,Columbiformes,Columbidae,Columbina,talpacoti
144,3210,Inca Dove,Colombe inca,Columbina inca,Columbiformes,Columbidae,Columbina,inca
615,3240,California Condor,Condor de Californie,Gymnogyps californianus,Cathartiformes,Cathartidae,Gymnogyps,californianus
612,3250,Turkey Vulture,Urubu ‡ tÍte rouge,Cathartes aura,Cathartiformes,Cathartidae,Cathartes,aura
613,3255,unid. Black Vulture / Turkey Vulture,unid Urubu noir / Urubu ‡ tÍte rouge,Coragyps / Cathartes atratus / aura,Cathartiformes,Cathartidae,Coragyps / Cathartes,atratus / aura
611,3260,Black Vulture,Urubu noir,Coragyps atratus,Cathartiformes,Cathartidae,Coragyps,atratus
621,3270,Swallow-tailed Kite,Naucler ‡ queue fourchue,Elanoides forficatus,Accipitriformes,Accipitridae,Elanoides,forficatus
619,3271,Hook-billed Kite,Bec-en-croc de Temminck,Chondrohierax uncinatus,Accipitriformes,Accipitridae,Chondrohierax,uncinatus
618,3280,White-tailed Kite,…lanion ‡ queue blanche,Elanus leucurus,Accipitriformes,Accipitridae,Elanus,leucurus
640,3290,Mississippi Kite,Milan du Mississippi,Ictinia mississippiensis,Accipitriformes,Accipitridae,Ictinia,mississippiensis
644,3300,Snail Kite,Milan des marais,Rostrhamus sociabilis,Accipitriformes,Accipitridae,Rostrhamus,sociabilis
629,3310,Northern Harrier,Busard des marais,Circus hudsonius,Accipitriformes,Accipitridae,Circus,hudsonius
631,3320,Sharp-shinned Hawk,…pervier brun,Accipiter striatus,Accipitriformes,Accipitridae,Accipiter,striatus
632,3330,Cooper's Hawk,…pervier de Cooper,Accipiter cooperii,Accipitriformes,Accipitridae,Accipiter,cooperii
635,3333,unid. Accipiter hawk,unid Èpervier sp.,Accipiter sp.,Accipitriformes,Accipitridae,Accipiter,sp.
634,3340,Northern Goshawk,Autour des palombes,Accipiter gentilis,Accipitriformes,Accipitridae,Accipiter,gentilis
649,3350,Harris's Hawk,Buse de Harris,Parabuteo unicinctus,Accipitriformes,Accipitridae,Parabuteo,unicinctus
658,3370,Red-tailed Hawk,Buse ‡ queue rousse,Buteo jamaicensis,Accipitriformes,Accipitridae,Buteo,jamaicensis
659,3380,(Harlan's Hawk) Red-tailed Hawk,Buse ‡ queue rousse (groupe harlani),Buteo jamaicensis harlani,Accipitriformes,Accipitridae,Buteo,jamaicensis harlani
653,3390,Red-shouldered Hawk,Buse ‡ Èpaulettes,Buteo lineatus,Accipitriformes,Accipitridae,Buteo,lineatus
657,3400,Zone-tailed Hawk,Buse ‡ queue barrÈe,Buteo albonotatus,Accipitriformes,Accipitridae,Buteo,albonotatus
650,3410,White-tailed Hawk,Buse ‡ queue blanche,Geranoaetus albicaudatus,Accipitriformes,Accipitridae,Geranoaetus,albicaudatus
656,3420,Swainson's Hawk,Buse de Swainson,Buteo swainsoni,Accipitriformes,Accipitridae,Buteo,swainsoni
654,3430,Broad-winged Hawk,Petite Buse,Buteo platypterus,Accipitriformes,Accipitridae,Buteo,platypterus
655,3440,Short-tailed Hawk,Buse ‡ queue courte,Buteo brachyurus,Accipitriformes,Accipitridae,Buteo,brachyurus
645,3450,Common Black Hawk,Buse noire,Buteogallus anthracinus,Accipitriformes,Accipitridae,Buteogallus,anthracinus
662,3451,unid. Buteo hawk,unid Buse sp.,Buteo sp.,Accipitriformes,Accipitridae,Buteo,sp.
652,3460,Gray Hawk,Buse grise,Buteo plagiatus,Accipitriformes,Accipitridae,Buteo,plagiatus
660,3470,Rough-legged Hawk,Buse pattue,Buteo lagopus,Accipitriformes,Accipitridae,Buteo,lagopus
661,3480,Ferruginous Hawk,Buse rouilleuse,Buteo regalis,Accipitriformes,Accipitridae,Buteo,regalis
624,3490,Golden Eagle,Aigle royal,Aquila chrysaetos,Accipitriformes,Accipitridae,Aquila,chrysaetos
637,3520,Bald Eagle,Pygargue ‡ tÍte blanche,Haliaeetus leucocephalus,Accipitriformes,Accipitridae,Haliaeetus,leucocephalus
780,3540,Gyrfalcon,Faucon gerfaut,Falco rusticolus,Falconiformes,Falconidae,Falco,rusticolus
782,3550,Prairie Falcon,Faucon des prairies,Falco mexicanus,Falconiformes,Falconidae,Falco,mexicanus
781,3560,Peregrine Falcon,Faucon pËlerin,Falco peregrinus,Falconiformes,Falconidae,Falco,peregrinus
775,3570,Merlin,Faucon Èmerillon,Falco columbarius,Falconiformes,Falconidae,Falco,columbarius
777,3590,Aplomado Falcon,Faucon aplomado,Falco femoralis,Falconiformes,Falconidae,Falco,femoralis
773,3600,American Kestrel,CrÈcerelle d'AmÈrique,Falco sparverius,Falconiformes,Falconidae,Falco,sparverius
771,3620,Crested Caracara,Caracara du Nord,Caracara cheriway,Falconiformes,Falconidae,Caracara,cheriway
617,3640,Osprey,Balbuzard pÍcheur,Pandion haliaetus,Accipitriformes,Pandionidae,Pandion,haliaetus
663,3650,Barn Owl,Effraie des clochers,Tyto alba,Strigiformes,Tytonidae,Tyto,alba
691,3660,Long-eared Owl,Hibou moyen-duc,Asio otus,Strigiformes,Strigidae,Asio,otus
693,3670,Short-eared Owl,Hibou des marais,Asio flammeus,Strigiformes,Strigidae,Asio,flammeus
688,3680,Barred Owl,Chouette rayÈe,Strix varia,Strigiformes,Strigidae,Strix,varia
687,3690,Spotted Owl,Chouette tachetÈe,Strix occidentalis,Strigiformes,Strigidae,Strix,occidentalis
690,3700,Great Gray Owl,Chouette lapone,Strix nebulosa,Strigiformes,Strigidae,Strix,nebulosa
695,3710,Boreal Owl,Nyctale de Tengmalm,Aegolius funereus,Strigiformes,Strigidae,Aegolius,funereus
696,3720,Northern Saw-whet Owl,Petite Nyctale,Aegolius acadicus,Strigiformes,Strigidae,Aegolius,acadicus
667,3730,Eastern Screech-Owl,Petit-duc maculÈ,Megascops asio,Strigiformes,Strigidae,Megascops,asio
670,3731,Whiskered Screech-Owl,Petit-duc ‡ moustaches,Megascops trichopsis,Strigiformes,Strigidae,Megascops,trichopsis
666,3732,Western Screech-Owl,Petit-duc des montagnes,Megascops kennicottii,Strigiformes,Strigidae,Megascops,kennicottii
665,3740,Flammulated Owl,Petit-duc nain,Psiloscops flammeolus,Strigiformes,Strigidae,Psiloscops,flammeolus
675,3750,Great Horned Owl,Grand-duc d'AmÈrique,Bubo virginianus,Strigiformes,Strigidae,Bubo,virginianus
676,3760,Snowy Owl,Harfang des neiges,Bubo scandiacus,Strigiformes,Strigidae,Bubo,scandiacus
677,3770,Northern Hawk Owl,Chouette ÈperviËre,Surnia ulula,Strigiformes,Strigidae,Surnia,ulula
684,3780,Burrowing Owl,ChevÍche des terriers,Athene cunicularia,Strigiformes,Strigidae,Athene,cunicularia
678,3790,Northern Pygmy-Owl,ChevÍchette naine,Glaucidium gnoma,Strigiformes,Strigidae,Glaucidium,gnoma
682,3800,Ferruginous Pygmy-Owl,ChevÍchette brune,Glaucidium brasilianum,Strigiformes,Strigidae,Glaucidium,brasilianum
683,3810,Elf Owl,ChevÍchette des saguaros,Micrathene whitneyi,Strigiformes,Strigidae,Micrathene,whitneyi
815,3822,Budgerigar,Perruche ondulÈe,Melopsittacus undulatus,Psittaciformes,Psittaculidae,Melopsittacus,undulatus
813,3823,Rose-ringed Parakeet,Perruche ‡ collier,Psittacula krameri,Psittaciformes,Psittaculidae,Psittacula,krameri
783,3824,Monk Parakeet,Conure veuve,Myiopsitta monachus,Psittaciformes,Psittacidae,Myiopsitta,monachus
806,3826,Red-crowned Parrot,Amazone ‡ joues vertes,Amazona viridigenalis,Psittaciformes,Psittacidae,Amazona,viridigenalis
801,3827,unid. White-winged / Yellow-chevroned Parakeet,Toui ‡ ailes variÈes / Toui ‡ ailes jaunes,Brotogeris versicolurus / chiriri,Psittaciformes,Psittacidae,Brotogeris,versicolurus / chiriri
162,3830,Smooth-billed Ani,Ani ‡ bec lisse,Crotophaga ani,Cuculiformes,Cuculidae,Crotophaga,ani
163,3840,Groove-billed Ani,Ani ‡ bec cannelÈ,Crotophaga sulcirostris,Cuculiformes,Cuculidae,Crotophaga,sulcirostris
168,3850,Greater Roadrunner,Grand GÈocoucou,Geococcyx californianus,Cuculiformes,Cuculidae,Geococcyx,californianus
174,3860,Mangrove Cuckoo,Coulicou manioc,Coccyzus minor,Cuculiformes,Cuculidae,Coccyzus,minor
173,3870,Yellow-billed Cuckoo,Coulicou ‡ bec jaune,Coccyzus americanus,Cuculiformes,Cuculidae,Coccyzus,americanus
176,3875,unid. Yellow-billed Cuckoo / Black-billed Cuckoo,unid Coulicou ‡ bec jaune / Coulicou ‡ bec noir,Coccyzus americanus / erythropthalmus,Cuculiformes,Cuculidae,Coccyzus,americanus / erythropthalmus
175,3880,Black-billed Cuckoo,Coulicou ‡ bec noir,Coccyzus erythropthalmus,Cuculiformes,Cuculidae,Coccyzus,erythropthalmus
703,3890,Elegant Trogon,Trogon ÈlÈgant,Trogon elegans,Trogoniformes,Trogonidae,Trogon,elegans
717,3900,Belted Kingfisher,Martin-pÍcheur d'AmÈrique,Megaceryle alcyon,Coraciiformes,Alcedinidae,Megaceryle,alcyon
716,3901,Ringed Kingfisher,Martin-pÍcheur ‡ ventre roux,Megaceryle torquata,Coraciiformes,Alcedinidae,Megaceryle,torquata
719,3910,Green Kingfisher,Martin-pÍcheur vert,Chloroceryle americana,Coraciiformes,Alcedinidae,Chloroceryle,americana
766,3920,unid. woodpecker,unid Pic sp.,Woodpecker sp.,Piciformes,Picidae,Woodpecker,sp.
750,3930,Hairy Woodpecker,Pic chevelu,Dryobates villosus,Piciformes,Picidae,Dryobates,villosus
746,3940,Downy Woodpecker,Pic mineur,Dryobates pubescens,Piciformes,Picidae,Dryobates,pubescens
749,3950,Red-cockaded Woodpecker,Pic ‡ face blanche,Dryobates borealis,Piciformes,Picidae,Dryobates,borealis
748,3960,Ladder-backed Woodpecker,Pic arlequin,Dryobates scalaris,Piciformes,Picidae,Dryobates,scalaris
747,3970,Nuttall's Woodpecker,Pic de Nuttall,Dryobates nuttallii,Piciformes,Picidae,Dryobates,nuttallii
753,3975,Arizona Woodpecker,Pic d'Arizona,Dryobates arizonae,Piciformes,Picidae,Dryobates,arizonae
751,3990,White-headed Woodpecker,Pic ‡ tÍte blanche,Dryobates albolarvatus,Piciformes,Picidae,Dryobates,albolarvatus
744,4000,Black-backed Woodpecker,Pic ‡ dos noir,Picoides arcticus,Piciformes,Picidae,Picoides,arcticus
743,4010,American Three-toed Woodpecker,Pic ‡ dos rayÈ,Picoides dorsalis,Piciformes,Picidae,Picoides,dorsalis
739,4020,Yellow-bellied Sapsucker,Pic maculÈ,Sphyrapicus varius,Piciformes,Picidae,Sphyrapicus,varius
740,4021,Red-naped Sapsucker,Pic ‡ nuque rouge,Sphyrapicus nuchalis,Piciformes,Picidae,Sphyrapicus,nuchalis
742,4022,unid. sapsucker,unid Sphyrapicus sp.,Sphyrapicus sp.,Piciformes,Picidae,Sphyrapicus,sp.
741,4030,Red-breasted Sapsucker,Pic ‡ poitrine rouge,Sphyrapicus ruber,Piciformes,Picidae,Sphyrapicus,ruber
738,4040,Williamson's Sapsucker,Pic de Williamson,Sphyrapicus thyroideus,Piciformes,Picidae,Sphyrapicus,thyroideus
764,4050,Pileated Woodpecker,Grand Pic,Dryocopus pileatus,Piciformes,Picidae,Dryocopus,pileatus
729,4060,Red-headed Woodpecker,Pic ‡ tÍte rouge,Melanerpes erythrocephalus,Piciformes,Picidae,Melanerpes,erythrocephalus
730,4070,Acorn Woodpecker,Pic glandivore,Melanerpes formicivorus,Piciformes,Picidae,Melanerpes,formicivorus
728,4080,Lewis's Woodpecker,Pic de Lewis,Melanerpes lewis,Piciformes,Picidae,Melanerpes,lewis
737,4090,Red-bellied Woodpecker,Pic ‡ ventre roux,Melanerpes carolinus,Piciformes,Picidae,Melanerpes,carolinus
736,4100,Golden-fronted Woodpecker,Pic ‡ front dorÈ,Melanerpes aurifrons,Piciformes,Picidae,Melanerpes,aurifrons
735,4110,Gila Woodpecker,Pic des saguaros,Melanerpes uropygialis,Piciformes,Picidae,Melanerpes,uropygialis
758,4120,(Yellow-shafted Flicker) Northern Flicker,Pic flamboyant (groupe auratus),Colaptes auratus auratus,Piciformes,Picidae,Colaptes,auratus auratus
757,4123,(unid. Red/Yellow Shafted) Northern Flicker,Pic flamboyant (groupe non identifiÈ),Colaptes auratus,Piciformes,Picidae,Colaptes,auratus
760,4125,hybrid Northern Flicker (Red x Yellow-shafted),hybride Pic flamboyant (cafer x auratus),Colaptes auratus auratus x auratus cafer,Piciformes,Picidae,Colaptes,auratus auratus x auratus cafer
759,4130,(Red-shafted Flicker) Northern Flicker,Pic flamboyant (groupe cafer),Colaptes auratus cafer,Piciformes,Picidae,Colaptes,auratus cafer
761,4140,Gilded Flicker,Pic chrysoÔde,Colaptes chrysoides,Piciformes,Picidae,Colaptes,chrysoides
187,4160,Chuck-will's-widow,Engoulevent de Caroline,Antrostomus carolinensis,Caprimulgiformes,Caprimulgidae,Antrostomus,carolinensis
191,4171,Eastern Whip-poor-will,Engoulevent bois-pourri,Antrostomus vociferus,Caprimulgiformes,Caprimulgidae,Antrostomus,vociferus
192,4172,Mexican Whip-poor-will,Engoulevent d'Arizona,Antrostomus arizonae,Caprimulgiformes,Caprimulgidae,Antrostomus,arizonae
184,4180,Common Poorwill,Engoulevent de Nuttall,Phalaenoptilus nuttallii,Caprimulgiformes,Caprimulgidae,Phalaenoptilus,nuttallii
183,4190,Common Pauraque,Engoulevent pauraquÈ,Nyctidromus albicollis,Caprimulgiformes,Caprimulgidae,Nyctidromus,albicollis
179,4200,Common Nighthawk,Engoulevent d'AmÈrique,Chordeiles minor,Caprimulgiformes,Caprimulgidae,Chordeiles,minor
180,4201,Antillean Nighthawk,Engoulevent piramidig,Chordeiles gundlachii,Caprimulgiformes,Caprimulgidae,Chordeiles,gundlachii
181,4205,unid. Lesser Nighthawk / Common Nighthawk,unid Engoulevent minime / Engoulevent d'AmÈrique,Chordeiles acutipennis / minor,Caprimulgiformes,Caprimulgidae,Chordeiles,acutipennis / minor
182,4206,unid. Common Nighthawk / Antillean Nighthawk,unid Engoulevent d'AmÈrique / piramidig,Chordeiles minor / gundlachii,Caprimulgiformes,Caprimulgidae,Chordeiles,minor / gundlachii
178,4210,Lesser Nighthawk,Engoulevent minime,Chordeiles acutipennis,Caprimulgiformes,Caprimulgidae,Chordeiles,acutipennis
197,4220,Black Swift,Martinet sombre,Cypseloides niger,Apodiformes,Apodidae,Cypseloides,niger
202,4230,Chimney Swift,Martinet ramoneur,Chaetura pelagica,Apodiformes,Apodidae,Chaetura,pelagica
203,4240,Vaux's Swift,Martinet de Vaux,Chaetura vauxi,Apodiformes,Apodidae,Chaetura,vauxi
207,4250,White-throated Swift,Martinet ‡ gorge blanche,Aeronautes saxatalis,Apodiformes,Apodidae,Aeronautes,saxatalis
220,4260,Rivoli's Hummingbird,Colibri de Rivoli,Eugenes fulgens,Apodiformes,Trochilidae,Eugenes,fulgens
225,4270,Blue-throated Mountain-gem,Colibri ‡ gorge bleue,Lampornis clemenciae,Apodiformes,Trochilidae,Lampornis,clemenciae
232,4280,Ruby-throated Hummingbird,Colibri ‡ gorge rubis,Archilochus colubris,Apodiformes,Trochilidae,Archilochus,colubris
233,4290,Black-chinned Hummingbird,Colibri ‡ gorge noire,Archilochus alexandri,Apodiformes,Trochilidae,Archilochus,alexandri
234,4295,unid. Ruby-throated / Black-chinned Hummingbird,unid Colibri ‡ gorge rubis / Colibri ‡ gorge noire,Archilochus colubris / alexandri,Apodiformes,Trochilidae,Archilochus,colubris / alexandri
237,4300,Costa's Hummingbird,Colibri de Costa,Calypte costae,Apodiformes,Trochilidae,Calypte,costae
236,4310,Anna's Hummingbird,Colibri d'Anna,Calypte anna,Apodiformes,Trochilidae,Calypte,anna
240,4320,Broad-tailed Hummingbird,Colibri ‡ queue large,Selasphorus platycercus,Apodiformes,Trochilidae,Selasphorus,platycercus
241,4330,Rufous Hummingbird,Colibri roux,Selasphorus rufus,Apodiformes,Trochilidae,Selasphorus,rufus
243,4335,unid. Rufous Hummingbird / Allen's Hummingbird,unid Colibri roux / Colibri d'Allen,Selasphorus rufus / sasin,Apodiformes,Trochilidae,Selasphorus,rufus / sasin
242,4340,Allen's Hummingbird,Colibri d'Allen,Selasphorus sasin,Apodiformes,Trochilidae,Selasphorus,sasin
245,4360,Calliope Hummingbird,Colibri calliope,Selasphorus calliope,Apodiformes,Trochilidae,Selasphorus,calliope
230,4370,Lucifer Hummingbird,Colibri lucifer,Calothorax lucifer,Apodiformes,Trochilidae,Calothorax,lucifer
266,4390,Buff-bellied Hummingbird,Ariane du Yucatan,Amazilia yucatanensis,Apodiformes,Trochilidae,Amazilia,yucatanensis
268,4391,Violet-crowned Hummingbird,Ariane ‡ couronne violette,Amazilia violiceps,Apodiformes,Trochilidae,Amazilia,violiceps
244,4402,unid. hummingbird,unid Colibri sp.,Trochilid sp.,Apodiformes,Trochilidae,Trochilid,sp.
250,4410,Broad-billed Hummingbird,Colibri circÈ,Cynanthus latirostris,Apodiformes,Trochilidae,Cynanthus,latirostris
859,4411,Rose-throated Becard,BÈcarde ‡ gorge rose,Pachyramphus aglaiae,Passeriformes,Tityridae,Pachyramphus,aglaiae
908,4420,Fork-tailed Flycatcher,Tyran des savanes,Tyrannus savana,Passeriformes,Tyrannidae,Tyrannus,savana
907,4430,Scissor-tailed Flycatcher,Tyran ‡ longue queue,Tyrannus forficatus,Passeriformes,Tyrannidae,Tyrannus,forficatus
904,4440,Eastern Kingbird,Tyran tritri,Tyrannus tyrannus,Passeriformes,Tyrannidae,Tyrannus,tyrannus
903,4447,unid. Cassin's Kingbird / Western Kingbird,unid Tyran de Cassin / Tyran de l'Ouest,Tyrannus vociferans / verticalis,Passeriformes,Tyrannidae,Tyrannus,vociferans / verticalis
905,4450,Gray Kingbird,Tyran gris,Tyrannus dominicensis,Passeriformes,Tyrannidae,Tyrannus,dominicensis
901,4451,Thick-billed Kingbird,Tyran ‡ bec Èpais,Tyrannus crassirostris,Passeriformes,Tyrannidae,Tyrannus,crassirostris
897,4460,Tropical Kingbird,Tyran mÈlancolique,Tyrannus melancholicus,Passeriformes,Tyrannidae,Tyrannus,melancholicus
898,4461,Couch's Kingbird,Tyran de Couch,Tyrannus couchii,Passeriformes,Tyrannidae,Tyrannus,couchii
899,4462,unid. Tropical Kingbird / Couch's Kingbird,unid Tyran mÈlancolique / Tyran de Couch,Tyrannus melancholicus / couchii,Passeriformes,Tyrannidae,Tyrannus,melancholicus / couchii
902,4470,Western Kingbird,Tyran de l'Ouest,Tyrannus verticalis,Passeriformes,Tyrannidae,Tyrannus,verticalis
900,4480,Cassin's Kingbird,Tyran de Cassin,Tyrannus vociferans,Passeriformes,Tyrannidae,Tyrannus,vociferans
889,4490,Great Kiskadee,Tyran quiquivi,Pitangus sulphuratus,Passeriformes,Tyrannidae,Pitangus,sulphuratus
893,4510,Sulphur-bellied Flycatcher,Tyran tigrÈ,Myiodynastes luteiventris,Passeriformes,Tyrannidae,Myiodynastes,luteiventris
885,4520,Great Crested Flycatcher,Tyran huppÈ,Myiarchus crinitus,Passeriformes,Tyrannidae,Myiarchus,crinitus
886,4530,Brown-crested Flycatcher,Tyran de Wied,Myiarchus tyrannulus,Passeriformes,Tyrannidae,Myiarchus,tyrannulus
883,4540,Ash-throated Flycatcher,Tyran ‡ gorge cendrÈe,Myiarchus cinerascens,Passeriformes,Tyrannidae,Myiarchus,cinerascens
882,4550,Dusky-capped Flycatcher,Tyran oliv‚tre,Myiarchus tuberculifer,Passeriformes,Tyrannidae,Myiarchus,tuberculifer
937,4560,Eastern Phoebe,Moucherolle phÈbi,Sayornis phoebe,Passeriformes,Tyrannidae,Sayornis,phoebe
938,4570,Say's Phoebe,Moucherolle ‡ ventre roux,Sayornis saya,Passeriformes,Tyrannidae,Sayornis,saya
936,4580,Black Phoebe,Moucherolle noir,Sayornis nigricans,Passeriformes,Tyrannidae,Sayornis,nigricans
912,4590,Olive-sided Flycatcher,Moucherolle ‡ cÙtÈs olive,Contopus cooperi,Passeriformes,Tyrannidae,Contopus,cooperi
913,4600,Greater Pewee,Moucherolle de Coues,Contopus pertinax,Passeriformes,Tyrannidae,Contopus,pertinax
915,4610,Eastern Wood-Pewee,Pioui de l'Est,Contopus virens,Passeriformes,Tyrannidae,Contopus,virens
914,4620,Western Wood-Pewee,Pioui de l'Ouest,Contopus sordidulus,Passeriformes,Tyrannidae,Contopus,sordidulus
918,4630,Yellow-bellied Flycatcher,Moucherolle ‡ ventre jaune,Empidonax flaviventris,Passeriformes,Tyrannidae,Empidonax,flaviventris
931,4640,Cordilleran Flycatcher,Moucherolle des ravins,Empidonax occidentalis,Passeriformes,Tyrannidae,Empidonax,occidentalis
930,4641,Pacific-slope Flycatcher,Moucherolle cÙtier,Empidonax difficilis,Passeriformes,Tyrannidae,Empidonax,difficilis
932,4642,unid. Cordilleran / Pacific-slope Flycatcher,unid Moucherolle cÙtier / Moucherolle des ravins,Empidonax difficilis / occidentalis,Passeriformes,Tyrannidae,Empidonax,difficilis / occidentalis
919,4650,Acadian Flycatcher,Moucherolle vert,Empidonax virescens,Passeriformes,Tyrannidae,Empidonax,virescens
921,4660,Willow Flycatcher,Moucherolle des saules,Empidonax traillii,Passeriformes,Tyrannidae,Empidonax,traillii
920,4661,Alder Flycatcher,Moucherolle des aulnes,Empidonax alnorum,Passeriformes,Tyrannidae,Empidonax,alnorum
922,4665,unid. Alder Flycatcher / Willow Flycatcher,unid Moucherolle des aulnes / des saules,Empidonax alnorum / traillii,Passeriformes,Tyrannidae,Empidonax,alnorum / traillii
924,4670,Least Flycatcher,Moucherolle tchÈbec,Empidonax minimus,Passeriformes,Tyrannidae,Empidonax,minimus
935,4679,unid. Empidonax flycatcher,unid Empidonax sp.,Empidonax sp.,Passeriformes,Tyrannidae,Empidonax,sp.
925,4680,Hammond's Flycatcher,Moucherolle de Hammond,Empidonax hammondii,Passeriformes,Tyrannidae,Empidonax,hammondii
928,4689,unid. Hammond's Flycatcher / Dusky Flycatcher,unid Moucherolle Hammond's / Moucherolle Dusky,Empidonax hammondii / oberholseri,Passeriformes,Tyrannidae,Empidonax,hammondii / oberholseri
927,4690,Dusky Flycatcher,Moucherolle sombre,Empidonax oberholseri,Passeriformes,Tyrannidae,Empidonax,oberholseri
926,4691,Gray Flycatcher,Moucherolle gris,Empidonax wrightii,Passeriformes,Tyrannidae,Empidonax,wrightii
934,4700,Buff-breasted Flycatcher,Moucherolle beige,Empidonax fulvifrons,Passeriformes,Tyrannidae,Empidonax,fulvifrons
939,4710,Vermilion Flycatcher,Moucherolle vermillon,Pyrocephalus rubinus,Passeriformes,Tyrannidae,Pyrocephalus,rubinus
872,4720,Northern Beardless-Tyrannulet,Tyranneau imberbe,Camptostoma imberbe,Passeriformes,Tyrannidae,Camptostoma,imberbe
1011,4730,Eurasian Skylark,Alouette des champs,Alauda arvensis,Passeriformes,Alaudidae,Alauda,arvensis
1012,4740,Horned Lark,Alouette hausse-col,Eremophila alpestris,Passeriformes,Alaudidae,Eremophila,alpestris
998,4750,Black-billed Magpie,Pie d'AmÈrique,Pica hudsonia,Passeriformes,Corvidae,Pica,hudsonia
999,4760,Yellow-billed Magpie,Pie ‡ bec jaune,Pica nuttalli,Passeriformes,Corvidae,Pica,nuttalli
988,4770,Blue Jay,Geai bleu,Cyanocitta cristata,Passeriformes,Corvidae,Cyanocitta,cristata
987,4780,Steller's Jay,Geai de Steller,Cyanocitta stelleri,Passeriformes,Corvidae,Cyanocitta,stelleri
989,4790,Florida Scrub-Jay,Geai ‡ gorge blanche,Aphelocoma coerulescens,Passeriformes,Corvidae,Aphelocoma,coerulescens
993,4810,unid. California Scrub-Jay / Woodhouse's Scrub-Jay,unid Geai buissonnier / Geai de Woodhouse,Aphelocoma californica / woodhouseii,Passeriformes,Corvidae,Aphelocoma,californica / woodhouseii
990,4811,Island Scrub-Jay,Geai de Santa Cruz,Aphelocoma insularis,Passeriformes,Corvidae,Aphelocoma,insularis
991,4812,California Scrub-Jay,Geai buissonnier,Aphelocoma californica,Passeriformes,Corvidae,Aphelocoma,californica
992,4813,Woodhouse's Scrub-Jay,Geai de Woodhouse,Aphelocoma woodhouseii,Passeriformes,Corvidae,Aphelocoma,woodhouseii
995,4820,Mexican Jay,Geai du Mexique,Aphelocoma wollweberi,Passeriformes,Corvidae,Aphelocoma,wollweberi
982,4830,Green Jay,Geai vert,Cyanocorax yncas,Passeriformes,Corvidae,Cyanocorax,yncas
973,4840,Canada Jay,MÈsangeai du Canada,Perisoreus canadensis,Passeriformes,Corvidae,Perisoreus,canadensis
1009,4860,Common Raven,Grand Corbeau,Corvus corax,Passeriformes,Corvidae,Corvus,corax
1010,4865,unid. Chihuahuan Raven / Common Raven,unid Grand Corbeau / Corbeau ‡ cou blanc,Corvus cryptoleucus / corax,Passeriformes,Corvidae,Corvus,cryptoleucus / corax
1008,4870,Chihuahuan Raven,Corbeau ‡ cou blanc,Corvus cryptoleucus,Passeriformes,Corvidae,Corvus,cryptoleucus
1001,4880,American Crow,Corneille d'AmÈrique,Corvus brachyrhynchos,Passeriformes,Corvidae,Corvus,brachyrhynchos
1006,4881,unid. American Crow / Fish Crow,unid Corneille d'AmÈrique / Corneille de rivage,Corvus brachyrhynchos / ossifragus,Passeriformes,Corvidae,Corvus,brachyrhynchos / ossifragus
1007,4882,unid. American Crow / Northwestern Crow,unid Corneille d'AmÈrique / Corneille d'Alaska,Corvus brachyrhynchos / caurinus,Passeriformes,Corvidae,Corvus,brachyrhynchos / caurinus
1002,4890,Northwestern Crow,Corneille d'Alaska,Corvus caurinus,Passeriformes,Corvidae,Corvus,caurinus
1005,4900,Fish Crow,Corneille de rivage,Corvus ossifragus,Passeriformes,Corvidae,Corvus,ossifragus
997,4910,Clark's Nutcracker,Cassenoix d'AmÈrique,Nucifraga columbiana,Passeriformes,Corvidae,Nucifraga,columbiana
986,4920,Pinyon Jay,Geai des pinËdes,Gymnorhinus cyanocephalus,Passeriformes,Corvidae,Gymnorhinus,cyanocephalus
1186,4930,European Starling,…tourneau sansonnet,Sturnus vulgaris,Passeriformes,Sturnidae,Sturnus,vulgaris
1187,4932,Common Myna,Martin triste,Acridotheres tristis,Passeriformes,Sturnidae,Acridotheres,tristis
1345,4940,Bobolink,Goglu des prÈs,Dolichonyx oryzivorus,Passeriformes,Icteridae,Dolichonyx,oryzivorus
1376,4950,Brown-headed Cowbird,Vacher ‡ tÍte brune,Molothrus ater,Passeriformes,Icteridae,Molothrus,ater
1377,4955,unid. Bronzed Cowbird / Brown-headed Cowbird,unid Vacher bronzÈ / ‡ tÍte brune,Molothrus aeneus / ater,Passeriformes,Icteridae,Molothrus,aeneus / ater
1375,4960,Bronzed Cowbird,Vacher bronzÈ,Molothrus aeneus,Passeriformes,Icteridae,Molothrus,aeneus
1374,4961,Shiny Cowbird,Vacher luisant,Molothrus bonariensis,Passeriformes,Icteridae,Molothrus,bonariensis
1344,4970,Yellow-headed Blackbird,Carouge ‡ tÍte jaune,Xanthocephalus xanthocephalus,Passeriformes,Icteridae,Xanthocephalus,xanthocephalus
1371,4980,Red-winged Blackbird,Carouge ‡ Èpaulettes,Agelaius phoeniceus,Passeriformes,Icteridae,Agelaius,phoeniceus
1372,5000,Tricolored Blackbird,Carouge de Californie,Agelaius tricolor,Passeriformes,Icteridae,Agelaius,tricolor
1346,5010,Eastern Meadowlark,Sturnelle des prÈs,Sturnella magna,Passeriformes,Icteridae,Sturnella,magna
1347,5011,Western Meadowlark,Sturnelle de l'Ouest,Sturnella neglecta,Passeriformes,Icteridae,Sturnella,neglecta
1348,5012,unid. Eastern Meadowlark / Western Meadowlark,unid Sturnelle des prÈs / Sturnelle de l'Ouest,Sturnella magna / neglecta,Passeriformes,Icteridae,Sturnella,magna / neglecta
1365,5030,Audubon's Oriole,Oriole d'Audubon,Icterus graduacauda,Passeriformes,Icteridae,Icterus,graduacauda
1364,5031,Altamira Oriole,Oriole ‡ gros bec,Icterus gularis,Passeriformes,Icteridae,Icterus,gularis
1363,5032,Spot-breasted Oriole,Oriole maculÈ,Icterus pectoralis,Passeriformes,Icteridae,Icterus,pectoralis
1370,5040,Scott's Oriole,Oriole jaune-verd‚tre,Icterus parisorum,Passeriformes,Icteridae,Icterus,parisorum
1357,5050,Hooded Oriole,Oriole masquÈ,Icterus cucullatus,Passeriformes,Icteridae,Icterus,cucullatus
1356,5060,Orchard Oriole,Oriole des vergers,Icterus spurius,Passeriformes,Icteridae,Icterus,spurius
1366,5070,Baltimore Oriole,Oriole de Baltimore,Icterus galbula,Passeriformes,Icteridae,Icterus,galbula
1368,5077,unid. Bullock's Oriole / Baltimore Oriole,unid Oriole de Baltimore / Oriole de Bullock's,Icterus bullockii / galbula,Passeriformes,Icteridae,Icterus,bullockii / galbula
1367,5078,hybrid Bullock's Oriole x Baltimore Oriole,hybride Oriole de Baltimore x Oriole de Bullock's,Icterus bullockii x galbula,Passeriformes,Icteridae,Icterus,bullockii x galbula
1361,5080,Bullock's Oriole,Oriole de Bullock,Icterus bullockii,Passeriformes,Icteridae,Icterus,bullockii
1380,5090,Rusty Blackbird,Quiscale rouilleux,Euphagus carolinus,Passeriformes,Icteridae,Euphagus,carolinus
1381,5100,Brewer's Blackbird,Quiscale de Brewer,Euphagus cyanocephalus,Passeriformes,Icteridae,Euphagus,cyanocephalus
1382,5110,Common Grackle,Quiscale bronzÈ,Quiscalus quiscula,Passeriformes,Icteridae,Quiscalus,quiscula
1384,5120,Great-tailed Grackle,Quiscale ‡ longue queue,Quiscalus mexicanus,Passeriformes,Icteridae,Quiscalus,mexicanus
1383,5130,Boat-tailed Grackle,Quiscale des marais,Quiscalus major,Passeriformes,Icteridae,Quiscalus,major
1385,5135,unid. Boat-tailed Grackle / Great-tailed Grackle,unid Quiscale des marais / Quiscale ‡ longue queue,Quiscalus major / mexicanus,Passeriformes,Icteridae,Quiscalus,major / mexicanus
1221,5140,Evening Grosbeak,Gros-bec errant,Coccothraustes vespertinus,Passeriformes,Fringillidae,Coccothraustes,vespertinus
1224,5150,Pine Grosbeak,Durbec des sapins,Pinicola enucleator,Passeriformes,Fringillidae,Pinicola,enucleator
1231,5170,Purple Finch,Roselin pourprÈ,Haemorhous purpureus,Passeriformes,Fringillidae,Haemorhous,purpureus
1232,5180,Cassin's Finch,Roselin de Cassin,Haemorhous cassinii,Passeriformes,Fringillidae,Haemorhous,cassinii
1230,5190,House Finch,Roselin familier,Haemorhous mexicanus,Passeriformes,Fringillidae,Haemorhous,mexicanus
1233,5195,unid. Purple Finch / Cassin's Finch / House Finch,unid Roselin pourprÈ / de Cassin / familier,Carpodacus purpureus / cassinii / mexicanus,Passeriformes,Fringillidae,Carpodacus,purpureus / cassinii / mexicanus
1239,5210,Red Crossbill,Bec-croisÈ des sapins,Loxia curvirostra,Passeriformes,Fringillidae,Loxia,curvirostra
1241,5212,Unid. Cassia Crossbill / Red Crossbill,Unid Bec-croisÈ de l'Idaho / des sapins,Loxia sinesciuris / curvirostra,Passeriformes,Fringillidae,Loxia,sinesciuris / curvirostra
1242,5220,White-winged Crossbill,Bec-croisÈ bifasciÈ,Loxia leucoptera,Passeriformes,Fringillidae,Loxia,leucoptera
1243,5225,unid. Red Crossbill / White-winged Crossbill,unid Bec-croisÈ des sapins / Bec-croisÈ bifasciÈ,Loxia curvirostra / leucoptera,Passeriformes,Fringillidae,Loxia,curvirostra / leucoptera
1227,5240,Gray-crowned Rosy-Finch,Roselin ‡ tÍte grise,Leucosticte tephrocotis,Passeriformes,Fringillidae,Leucosticte,tephrocotis
1228,5250,Black Rosy-Finch,Roselin noir,Leucosticte atrata,Passeriformes,Fringillidae,Leucosticte,atrata
1229,5260,Brown-capped Rosy-Finch,Roselin ‡ tÍte brune,Leucosticte australis,Passeriformes,Fringillidae,Leucosticte,australis
1244,5261,European Goldfinch,Chardonneret ÈlÈgant,Carduelis carduelis,Passeriformes,Fringillidae,Carduelis,carduelis
1237,5270,Hoary Redpoll,Sizerin blanch‚tre,Acanthis hornemanni,Passeriformes,Fringillidae,Acanthis,hornemanni
1238,5275,unid. Common Redpoll / Hoary Redpoll,unid Sizerin flame / Sizerin blanch‚tre,Carduelis flammea / hornemanni,Passeriformes,Fringillidae,Carduelis,flammea / hornemanni
1236,5280,Common Redpoll,Sizerin flammÈ,Acanthis flammea,Passeriformes,Fringillidae,Acanthis,flammea
1251,5290,American Goldfinch,Chardonneret jaune,Spinus tristis,Passeriformes,Fringillidae,Spinus,tristis
1249,5300,Lesser Goldfinch,Chardonneret mineur,Spinus psaltria,Passeriformes,Fringillidae,Spinus,psaltria
1250,5310,Lawrence's Goldfinch,Chardonneret gris,Spinus lawrencei,Passeriformes,Fringillidae,Spinus,lawrencei
1246,5330,Pine Siskin,Tarin des pins,Spinus pinus,Passeriformes,Fringillidae,Spinus,pinus
1256,5340,Snow Bunting,Plectrophane des neiges,Plectrophenax nivalis,Passeriformes,Calcariidae,Plectrophenax,nivalis
1252,5360,Lapland Longspur,Plectrophane lapon,Calcarius lapponicus,Passeriformes,Calcariidae,Calcarius,lapponicus
1254,5370,Smith's Longspur,Plectrophane de Smith,Calcarius pictus,Passeriformes,Calcariidae,Calcarius,pictus
1253,5380,Chestnut-collared Longspur,Plectrophane ‡ ventre noir,Calcarius ornatus,Passeriformes,Calcariidae,Calcarius,ornatus
1255,5390,McCown's Longspur,Plectrophane de McCown,Rhynchophanes mccownii,Passeriformes,Calcariidae,Rhynchophanes,mccownii
1313,5400,Vesper Sparrow,Bruant vespÈral,Pooecetes gramineus,Passeriformes,Passerellidae,Pooecetes,gramineus
1320,5420,Savannah Sparrow,Bruant des prÈs,Passerculus sandwichensis,Passeriformes,Passerellidae,Passerculus,sandwichensis
1318,5450,Baird's Sparrow,Bruant de Baird,Centronyx bairdii,Passeriformes,Passerellidae,Centronyx,bairdii
1277,5460,Grasshopper Sparrow,Bruant sauterelle,Ammodramus savannarum,Passeriformes,Passerellidae,Ammodramus,savannarum
1319,5470,Henslow's Sparrow,Bruant de Henslow,Centronyx henslowii,Passeriformes,Passerellidae,Centronyx,henslowii
1314,5480,LeConte's Sparrow,Bruant de LeConte,Ammospiza leconteii,Passeriformes,Passerellidae,Ammospiza,leconteii
1317,5490,Saltmarsh Sparrow,Bruant ‡ queue aiguÎ,Ammospiza caudacuta,Passeriformes,Passerellidae,Ammospiza,caudacuta
1316,5491,Nelson's Sparrow,Bruant de Nelson,Ammospiza nelsoni,Passeriformes,Passerellidae,Ammospiza,nelsoni
1315,5500,Seaside Sparrow,Bruant maritime,Ammospiza maritima,Passeriformes,Passerellidae,Ammospiza,maritima
1282,5520,Lark Sparrow,Bruant ‡ joues marron,Chondestes grammacus,Passeriformes,Passerellidae,Chondestes,grammacus
1307,5530,Harris's Sparrow,Bruant ‡ face noire,Zonotrichia querula,Passeriformes,Passerellidae,Zonotrichia,querula
1305,5540,White-crowned Sparrow,Bruant ‡ couronne blanche,Zonotrichia leucophrys,Passeriformes,Passerellidae,Zonotrichia,leucophrys
1306,5570,Golden-crowned Sparrow,Bruant ‡ couronne dorÈe,Zonotrichia atricapilla,Passeriformes,Passerellidae,Zonotrichia,atricapilla
1308,5580,White-throated Sparrow,Bruant ‡ gorge blanche,Zonotrichia albicollis,Passeriformes,Passerellidae,Zonotrichia,albicollis
1294,5590,American Tree Sparrow,Bruant hudsonien,Spizelloides arborea,Passeriformes,Passerellidae,Spizelloides,arborea
1284,5600,Chipping Sparrow,Bruant familier,Spizella passerina,Passeriformes,Passerellidae,Spizella,passerina
1285,5610,Clay-colored Sparrow,Bruant des plaines,Spizella pallida,Passeriformes,Passerellidae,Spizella,pallida
1288,5620,Brewer's Sparrow,Bruant de Brewer,Spizella breweri,Passeriformes,Passerellidae,Spizella,breweri
1287,5630,Field Sparrow,Bruant des champs,Spizella pusilla,Passeriformes,Passerellidae,Spizella,pusilla
1286,5650,Black-chinned Sparrow,Bruant ‡ menton noir,Spizella atrogularis,Passeriformes,Passerellidae,Spizella,atrogularis
1299,5660,(White-winged Junco) Dark-eyed Junco,Junco ardoisÈ (‡ ailes blanches),Junco hyemalis aikeni,Passeriformes,Passerellidae,Junco,hyemalis aikeni
1296,5670,(Slate-colored Junco) Dark-eyed Junco,Junco ardoisÈ (groupe hyemalis),Junco hyemalis hyemalis,Passeriformes,Passerellidae,Junco,hyemalis hyemalis
1297,5671,(Oregon Junco) Dark-eyed Junco,Junco ardoisÈ (groupe oreganus),Junco hyemalis oreganus,Passeriformes,Passerellidae,Junco,hyemalis oreganus
1301,5677,(unid. race) Dark-eyed Junco,Junco ardoisÈ (groupe non identifiÈ),Junco hyemalis,Passeriformes,Passerellidae,Junco,hyemalis
1298,5680,(Pink-sided Junco) Dark-eyed Junco,Junco ardoisÈ (groupe mearnsi),Junco hyemalis mearnsi,Passeriformes,Passerellidae,Junco,hyemalis mearnsi
1300,5690,(Gray-headed Junco) Dark-eyed Junco,Junco ardoisÈ (‡ tÍte grise),Junco hyemalis caniceps,Passeriformes,Passerellidae,Junco,hyemalis caniceps
1302,5700,Yellow-eyed Junco,Junco aux yeux jaunes,Junco phaeonotus,Passeriformes,Passerellidae,Junco,phaeonotus
1281,5730,Black-throated Sparrow,Bruant ‡ gorge noire,Amphispiza bilineata,Passeriformes,Passerellidae,Amphispiza,bilineata
1309,5738,Sagebrush Sparrow,Bruant des armoises,Artemisiospiza nevadensis,Passeriformes,Passerellidae,Artemisiospiza,nevadensis
1310,5739,Bell's Sparrow,Bruant de Bell,Artemisiospiza belli,Passeriformes,Passerellidae,Artemisiospiza,belli
1311,5740,unid. Sagebrush Sparrow / Bell's Sparrow,unid Bruant des armoises / Burant de Bell,Artemisiospiza nevadensis / belli,Passeriformes,Passerellidae,Artemisiospiza,nevadensis / belli
1276,5750,Bachman's Sparrow,Bruant des pinËdes,Peucaea aestivalis,Passeriformes,Passerellidae,Peucaea,aestivalis
1274,5760,Botteri's Sparrow,Bruant de Botteri,Peucaea botterii,Passeriformes,Passerellidae,Peucaea,botterii
1275,5780,Cassin's Sparrow,Bruant de Cassin,Peucaea cassinii,Passeriformes,Passerellidae,Peucaea,cassinii
1269,5790,Rufous-winged Sparrow,Bruant ‡ Èpaulettes,Peucaea carpalis,Passeriformes,Passerellidae,Peucaea,carpalis
1333,5800,Rufous-crowned Sparrow,Tohi ‡ calotte fauve,Aimophila ruficeps,Passeriformes,Passerellidae,Aimophila,ruficeps
1322,5810,Song Sparrow,Bruant chanteur,Melospiza melodia,Passeriformes,Passerellidae,Melospiza,melodia
1323,5830,Lincoln's Sparrow,Bruant de Lincoln,Melospiza lincolnii,Passeriformes,Passerellidae,Melospiza,lincolnii
1324,5840,Swamp Sparrow,Bruant des marais,Melospiza georgiana,Passeriformes,Passerellidae,Melospiza,georgiana
1293,5850,Fox Sparrow,Bruant fauve,Passerella iliaca,Passeriformes,Passerellidae,Passerella,iliaca
1278,5860,Olive Sparrow,Tohi olive,Arremonops rufivirgatus,Passeriformes,Passerellidae,Arremonops,rufivirgatus
1337,5870,Eastern Towhee,Tohi ‡ flancs roux,Pipilo erythrophthalmus,Passeriformes,Passerellidae,Pipilo,erythrophthalmus
1338,5871,unid. Spotted Towhee / Eastern Towhee,unid Tohi tachetÈ / Tohi ‡ flancs roux,Pipilo maculatus / erythrophthalmus,Passeriformes,Passerellidae,Pipilo,maculatus / erythrophthalmus
1336,5880,Spotted Towhee,Tohi tachetÈ,Pipilo maculatus,Passeriformes,Passerellidae,Pipilo,maculatus
1335,5900,Green-tailed Towhee,Tohi ‡ queue verte,Pipilo chlorurus,Passeriformes,Passerellidae,Pipilo,chlorurus
1326,5910,Canyon Towhee,Tohi des canyons,Melozone fusca,Passeriformes,Passerellidae,Melozone,fusca
1329,5911,California Towhee,Tohi de Californie,Melozone crissalis,Passeriformes,Passerellidae,Melozone,crissalis
1328,5920,Abert's Towhee,Tohi d'Abert,Melozone aberti,Passeriformes,Passerellidae,Melozone,aberti
1466,5930,Northern Cardinal,Cardinal rouge,Cardinalis cardinalis,Passeriformes,Cardinalidae,Cardinalis,cardinalis
1468,5935,unid. Northern Cardinal / Pyrrhuloxia,unid Cardinal rouge / Cardinal pyrrhuloxia,Cardinalis cardinalis / sinuatus,Passeriformes,Cardinalidae,Cardinalis,cardinalis / sinuatus
1467,5940,Pyrrhuloxia,Cardinal pyrrhuloxia,Cardinalis sinuatus,Passeriformes,Cardinalidae,Cardinalis,sinuatus
1470,5950,Rose-breasted Grosbeak,Cardinal ‡ poitrine rose,Pheucticus ludovicianus,Passeriformes,Cardinalidae,Pheucticus,ludovicianus
1471,5960,Black-headed Grosbeak,Cardinal ‡ tÍte noire,Pheucticus melanocephalus,Passeriformes,Cardinalidae,Pheucticus,melanocephalus
1477,5970,Blue Grosbeak,Guiraca bleu,Passerina caerulea,Passeriformes,Cardinalidae,Passerina,caerulea
1479,5980,Indigo Bunting,Passerin indigo,Passerina cyanea,Passeriformes,Cardinalidae,Passerina,cyanea
1480,5986,hybrid Lazuli Bunting x Indigo Bunting,hybride Passerin azurÈ x Passerin indigo,Passerina amoena x cyanea,Passeriformes,Cardinalidae,Passerina,amoena x cyanea
1478,5990,Lazuli Bunting,Passerin azurÈ,Passerina amoena,Passeriformes,Cardinalidae,Passerina,amoena
1483,6000,Varied Bunting,Passerin variÈ,Passerina versicolor,Passeriformes,Cardinalidae,Passerina,versicolor
1484,6010,Painted Bunting,Passerin nonpareil,Passerina ciris,Passeriformes,Cardinalidae,Passerina,ciris
1485,6040,Dickcissel,Dickcissel d'AmÈrique,Spiza americana,Passeriformes,Cardinalidae,Spiza,americana
1283,6050,Lark Bunting,Bruant noir et blanc,Calamospiza melanocorys,Passeriformes,Passerellidae,Calamospiza,melanocorys
1458,6070,Western Tanager,Piranga ‡ tÍte rouge,Piranga ludoviciana,Passeriformes,Cardinalidae,Piranga,ludoviciana
1457,6080,Scarlet Tanager,Piranga Ècarlate,Piranga olivacea,Passeriformes,Cardinalidae,Piranga,olivacea
1455,6090,Hepatic Tanager,Piranga orangÈ,Piranga flava,Passeriformes,Cardinalidae,Piranga,flava
1456,6100,Summer Tanager,Piranga vermillon,Piranga rubra,Passeriformes,Cardinalidae,Piranga,rubra
1024,6110,Purple Martin,Hirondelle noire,Progne subis,Passeriformes,Hirundinidae,Progne,subis
1030,6120,Cliff Swallow,Hirondelle ‡ front blanc,Petrochelidon pyrrhonota,Passeriformes,Hirundinidae,Petrochelidon,pyrrhonota
1031,6121,Cave Swallow,Hirondelle ‡ front brun,Petrochelidon fulva,Passeriformes,Hirundinidae,Petrochelidon,fulva
1032,6122,unid. Cave Swallow / Cliff Swallow,unid Hirondelle ‡ front blanc / ‡ front brun,Petrochelidon pyrrhonota / fulva,Passeriformes,Hirundinidae,Petrochelidon,pyrrhonota / fulva
1028,6130,Barn Swallow,Hirondelle rustique,Hirundo rustica,Passeriformes,Hirundinidae,Hirundo,rustica
1014,6140,Tree Swallow,Hirondelle bicolore,Tachycineta bicolor,Passeriformes,Hirundinidae,Tachycineta,bicolor
1016,6150,Violet-green Swallow,Hirondelle ‡ face blanche,Tachycineta thalassina,Passeriformes,Hirundinidae,Tachycineta,thalassina
1013,6160,Bank Swallow,Hirondelle de rivage,Riparia riparia,Passeriformes,Hirundinidae,Riparia,riparia
1020,6170,Northern Rough-winged Swallow,Hirondelle ‡ ailes hÈrissÈes,Stelgidopteryx serripennis,Passeriformes,Hirundinidae,Stelgidopteryx,serripennis
1188,6180,Bohemian Waxwing,Jaseur borÈal,Bombycilla garrulus,Passeriformes,Bombycillidae,Bombycilla,garrulus
1190,6185,unid. Cedar Waxwing / Bohemian Waxwing,unid Jaseur sp.,Bombycilla garrulus / cedrorum,Passeriformes,Bombycillidae,Bombycilla,garrulus / cedrorum
1189,6190,Cedar Waxwing,Jaseur d'AmÈrique,Bombycilla cedrorum,Passeriformes,Bombycillidae,Bombycilla,cedrorum
1192,6200,Phainopepla,PhÈnopËple luisant,Phainopepla nitens,Passeriformes,Ptiliogonatidae,Phainopepla,nitens
942,6210,Northern Shrike,Pie-griËche borÈale,Lanius borealis,Passeriformes,Laniidae,Lanius,borealis
941,6220,Loggerhead Shrike,Pie-griËche migratrice,Lanius ludovicianus,Passeriformes,Laniidae,Lanius,ludovicianus
971,6230,Black-whiskered Vireo,VirÈo ‡ moustaches,Vireo altiloquus,Passeriformes,Vireonidae,Vireo,altiloquus
969,6240,Red-eyed Vireo,VirÈo aux yeux rouges,Vireo olivaceus,Passeriformes,Vireonidae,Vireo,olivaceus
966,6260,Philadelphia Vireo,VirÈo de Philadelphie,Vireo philadelphicus,Passeriformes,Vireonidae,Vireo,philadelphicus
967,6270,Warbling Vireo,VirÈo mÈlodieux,Vireo gilvus,Passeriformes,Vireonidae,Vireo,gilvus
960,6280,Yellow-throated Vireo,VirÈo ‡ gorge jaune,Vireo flavifrons,Passeriformes,Vireonidae,Vireo,flavifrons
962,6290,Blue-headed Vireo,VirÈo ‡ tÍte bleue,Vireo solitarius,Passeriformes,Vireonidae,Vireo,solitarius
961,6291,Cassin's Vireo,VirÈo de Cassin,Vireo cassinii,Passeriformes,Vireonidae,Vireo,cassinii
964,6292,Plumbeous Vireo,VirÈo plombÈ,Vireo plumbeus,Passeriformes,Vireonidae,Vireo,plumbeus
963,6295,unid. Cassin's Vireo / Blue-headed Vireo,unid VirÈo de Cassin / VirÈo ‡ tÍte bleue,Vireo cassinii / solitarius,Passeriformes,Vireonidae,Vireo,cassinii / solitarius
965,6296,unid. Plumbeous Vireo / Cassin's Vireo,unid VirÈo plombÈ / VirÈo de Cassin,Vireo plumbeus / cassinii,Passeriformes,Vireonidae,Vireo,plumbeus / cassinii
950,6300,Black-capped Vireo,VirÈo ‡ tÍte noire,Vireo atricapilla,Passeriformes,Vireonidae,Vireo,atricapilla
952,6310,White-eyed Vireo,VirÈo aux yeux blancs,Vireo griseus,Passeriformes,Vireonidae,Vireo,griseus
959,6320,Hutton's Vireo,VirÈo de Hutton,Vireo huttoni,Passeriformes,Vireonidae,Vireo,huttoni
957,6330,Bell's Vireo,VirÈo de Bell,Vireo bellii,Passeriformes,Vireonidae,Vireo,bellii
958,6340,Gray Vireo,VirÈo gris,Vireo vicinior,Passeriformes,Vireonidae,Vireo,vicinior
1394,6360,Black-and-white Warbler,Paruline noir et blanc,Mniotilta varia,Passeriformes,Parulidae,Mniotilta,varia
1395,6370,Prothonotary Warbler,Paruline orangÈe,Protonotaria citrea,Passeriformes,Parulidae,Protonotaria,citrea
1396,6380,Swainson's Warbler,Paruline de Swainson,Limnothlypis swainsonii,Passeriformes,Parulidae,Limnothlypis,swainsonii
1387,6390,Worm-eating Warbler,Paruline vermivore,Helmitheros vermivorum,Passeriformes,Parulidae,Helmitheros,vermivorum
1391,6410,Blue-winged Warbler,Paruline ‡ ailes bleues,Vermivora cyanoptera,Passeriformes,Parulidae,Vermivora,cyanoptera
1392,6412,Brewster's Warbler (Golden-winged x Blue-winged),Paruline de Brewster,Vermivora cyanoptera x chrysoptera,Passeriformes,Parulidae,Vermivora,cyanoptera x chrysoptera
1393,6413,Lawrence's Warbler (Golden-winged x Blue-winged),Paruline de Lawrence,Vermivora chrysoptera x cyanoptera,Passeriformes,Parulidae,Vermivora,chrysoptera x cyanoptera
1390,6420,Golden-winged Warbler,Paruline ‡ ailes dorÈes,Vermivora chrysoptera,Passeriformes,Parulidae,Vermivora,chrysoptera
1401,6430,Lucy's Warbler,Paruline de Lucy,Leiothlypis luciae,Passeriformes,Parulidae,Leiothlypis,luciae
1403,6440,Virginia's Warbler,Paruline de Virginia,Leiothlypis virginiae,Passeriformes,Parulidae,Leiothlypis,virginiae
1402,6450,Nashville Warbler,Paruline ‡ joues grises,Leiothlypis ruficapilla,Passeriformes,Parulidae,Leiothlypis,ruficapilla
1399,6460,Orange-crowned Warbler,Paruline verd‚tre,Leiothlypis celata,Passeriformes,Parulidae,Leiothlypis,celata
1398,6470,Tennessee Warbler,Paruline obscure,Leiothlypis peregrina,Passeriformes,Parulidae,Leiothlypis,peregrina
1419,6480,Northern Parula,Paruline ‡ collier,Setophaga americana,Passeriformes,Parulidae,Setophaga,americana
1420,6490,Tropical Parula,Paruline ‡ joues noires,Setophaga pitiayumi,Passeriformes,Parulidae,Setophaga,pitiayumi
1417,6500,Cape May Warbler,Paruline tigrÈe,Setophaga tigrina,Passeriformes,Parulidae,Setophaga,tigrina
1193,6510,Olive Warbler,Fauvine des pins,Peucedramus taeniatus,Passeriformes,Peucedramidae,Peucedramus,taeniatus
1424,6520,Yellow Warbler,Paruline jaune,Setophaga petechia,Passeriformes,Parulidae,Setophaga,petechia
1427,6540,Black-throated Blue Warbler,Paruline bleue,Setophaga caerulescens,Passeriformes,Parulidae,Setophaga,caerulescens
1430,6550,(Myrtle Warbler) Yellow-rumped Warbler,Paruline ‡ croupion jaune (groupe coronata),Setophaga coronata coronata,Passeriformes,Parulidae,Setophaga,coronata coronata
1432,6556,(unid. Myrtle/Audubon's) Yellow-rumped Warbler,Par. ‡ croupion jaune (sous-espËce non identifiÈ),Setophaga coronata,Passeriformes,Parulidae,Setophaga,coronata
1431,6560,(Audubon's Warbler) Yellow-rumped Warbler,Paruline ‡ croupion jaune (groupe auduboni),Setophaga coronata audoboni,Passeriformes,Parulidae,Setophaga,coronata audoboni
1421,6570,Magnolia Warbler,Paruline ‡ tÍte cendrÈe,Setophaga magnolia,Passeriformes,Parulidae,Setophaga,magnolia
1418,6580,Cerulean Warbler,Paruline azurÈe,Setophaga cerulea,Passeriformes,Parulidae,Setophaga,cerulea
1425,6590,Chestnut-sided Warbler,Paruline ‡ flancs marron,Setophaga pensylvanica,Passeriformes,Parulidae,Setophaga,pensylvanica
1422,6600,Bay-breasted Warbler,Paruline ‡ poitrine baie,Setophaga castanea,Passeriformes,Parulidae,Setophaga,castanea
1426,6610,Blackpoll Warbler,Paruline rayÈe,Setophaga striata,Passeriformes,Parulidae,Setophaga,striata
1423,6620,Blackburnian Warbler,Paruline ‡ gorge orangÈe,Setophaga fusca,Passeriformes,Parulidae,Setophaga,fusca
1433,6630,Yellow-throated Warbler,Paruline ‡ gorge jaune,Setophaga dominica,Passeriformes,Parulidae,Setophaga,dominica
1435,6640,Grace's Warbler,Paruline de Grace,Setophaga graciae,Passeriformes,Parulidae,Setophaga,graciae
1436,6650,Black-throated Gray Warbler,Paruline grise,Setophaga nigrescens,Passeriformes,Parulidae,Setophaga,nigrescens
1441,6660,Golden-cheeked Warbler,Paruline ‡ dos noir,Setophaga chrysoparia,Passeriformes,Parulidae,Setophaga,chrysoparia
1442,6670,Black-throated Green Warbler,Paruline ‡ gorge noire,Setophaga virens,Passeriformes,Parulidae,Setophaga,virens
1437,6680,Townsend's Warbler,Paruline de Townsend,Setophaga townsendi,Passeriformes,Parulidae,Setophaga,townsendi
1440,6685,unid. Townsend's Warbler / Hermit Warbler,unid Paruline de Townsend / Paruline ‡ tÍte jaune,Setophaga townsendi / occidentalis,Passeriformes,Parulidae,Setophaga,townsendi / occidentalis
1439,6686,hybrid Townsend's Warbler x Hermit Warbler,hybride Paruline de Townsend x ‡ tÍte jaune,Setophaga townsendi x occidentalis,Passeriformes,Parulidae,Setophaga,townsendi x occidentalis
1438,6690,Hermit Warbler,Paruline ‡ tÍte jaune,Setophaga occidentalis,Passeriformes,Parulidae,Setophaga,occidentalis
1416,6700,Kirtland's Warbler,Paruline de Kirtland,Setophaga kirtlandii,Passeriformes,Parulidae,Setophaga,kirtlandii
1429,6710,Pine Warbler,Paruline des pins,Setophaga pinus,Passeriformes,Parulidae,Setophaga,pinus
1428,6720,Palm Warbler,Paruline ‡ couronne rousse,Setophaga palmarum,Passeriformes,Parulidae,Setophaga,palmarum
1434,6730,Prairie Warbler,Paruline des prÈs,Setophaga discolor,Passeriformes,Parulidae,Setophaga,discolor
1386,6740,Ovenbird,Paruline couronnÈe,Seiurus aurocapilla,Passeriformes,Parulidae,Seiurus,aurocapilla
1389,6750,Northern Waterthrush,Paruline des ruisseaux,Parkesia noveboracensis,Passeriformes,Parulidae,Parkesia,noveboracensis
1388,6760,Louisiana Waterthrush,Paruline hochequeue,Parkesia motacilla,Passeriformes,Parulidae,Parkesia,motacilla
1408,6770,Kentucky Warbler,Paruline du Kentucky,Geothlypis formosa,Passeriformes,Parulidae,Geothlypis,formosa
1404,6780,Connecticut Warbler,Paruline ‡ gorge grise,Oporornis agilis,Passeriformes,Parulidae,Oporornis,agilis
1407,6790,Mourning Warbler,Paruline triste,Geothlypis philadelphia,Passeriformes,Parulidae,Geothlypis,philadelphia
1406,6800,MacGillivray's Warbler,Paruline des buissons,Geothlypis tolmiei,Passeriformes,Parulidae,Geothlypis,tolmiei
1412,6810,Common Yellowthroat,Paruline masquÈe,Geothlypis trichas,Passeriformes,Parulidae,Geothlypis,trichas
1343,6830,Yellow-breasted Chat,IctÈrie polyglotte,Icteria virens,Passeriformes,Icteriidae,Icteria,virens
1414,6840,Hooded Warbler,Paruline ‡ capuchon,Setophaga citrina,Passeriformes,Parulidae,Setophaga,citrina
1448,6850,Wilson's Warbler,Paruline ‡ calotte noire,Cardellina pusilla,Passeriformes,Parulidae,Cardellina,pusilla
1447,6860,Canada Warbler,Paruline du Canada,Cardellina canadensis,Passeriformes,Parulidae,Cardellina,canadensis
1415,6870,American Redstart,Paruline flamboyante,Setophaga ruticilla,Passeriformes,Parulidae,Setophaga,ruticilla
1452,6880,Painted Redstart,Paruline ‡ ailes blanches,Myioborus pictus,Passeriformes,Parulidae,Myioborus,pictus
1200,6882,House Sparrow,Moineau domestique,Passer domesticus,Passeriformes,Passeridae,Passer,domesticus
1201,6883,Eurasian Tree Sparrow,Moineau friquet,Passer montanus,Passeriformes,Passeridae,Passer,montanus
1449,6900,Red-faced Warbler,Paruline ‡ face rouge,Cardellina rubrifrons,Passeriformes,Parulidae,Cardellina,rubrifrons
1205,6940,White Wagtail,Bergeronnette grise,Motacilla alba,Passeriformes,Motacillidae,Motacilla,alba
1202,6960,Eastern Yellow Wagtail,Bergeronnette de BÈringie,Motacilla tschutschensis,Passeriformes,Motacillidae,Motacilla,tschutschensis
1210,6970,American Pipit,Pipit d'AmÈrique,Anthus rubescens,Passeriformes,Motacillidae,Anthus,rubescens
1209,6990,Red-throated Pipit,Pipit ‡ gorge rousse,Anthus cervinus,Passeriformes,Motacillidae,Anthus,cervinus
1211,7000,Sprague's Pipit,Pipit de Sprague,Anthus spragueii,Passeriformes,Motacillidae,Anthus,spragueii
1100,7010,American Dipper,Cincle d'AmÈrique,Cinclus mexicanus,Passeriformes,Cinclidae,Cinclus,mexicanus
1181,7020,Sage Thrasher,Moqueur des armoises,Oreoscoptes montanus,Passeriformes,Mimidae,Oreoscoptes,montanus
1185,7030,Northern Mockingbird,Moqueur polyglotte,Mimus polyglottos,Passeriformes,Mimidae,Mimus,polyglottos
1182,7031,Bahama Mockingbird,Moqueur des Bahamas,Mimus gundlachii,Passeriformes,Mimidae,Mimus,gundlachii
1170,7040,Gray Catbird,Moqueur chat,Dumetella carolinensis,Passeriformes,Mimidae,Dumetella,carolinensis
1173,7050,Brown Thrasher,Moqueur roux,Toxostoma rufum,Passeriformes,Mimidae,Toxostoma,rufum
1174,7060,Long-billed Thrasher,Moqueur ‡ long bec,Toxostoma longirostre,Passeriformes,Mimidae,Toxostoma,longirostre
1171,7070,Curve-billed Thrasher,Moqueur ‡ bec courbe,Toxostoma curvirostre,Passeriformes,Mimidae,Toxostoma,curvirostre
1176,7080,Bendire's Thrasher,Moqueur de Bendire,Toxostoma bendirei,Passeriformes,Mimidae,Toxostoma,bendirei
1178,7100,California Thrasher,Moqueur de Californie,Toxostoma redivivum,Passeriformes,Mimidae,Toxostoma,redivivum
1179,7110,LeConte's Thrasher,Moqueur de LeConte,Toxostoma lecontei,Passeriformes,Mimidae,Toxostoma,lecontei
1180,7120,Crissal Thrasher,Moqueur cul-roux,Toxostoma crissale,Passeriformes,Mimidae,Toxostoma,crissale
1081,7130,Cactus Wren,Troglodyte des cactus,Campylorhynchus brunneicapillus,Passeriformes,Troglodytidae,Campylorhynchus,brunneicapillus
1058,7150,Rock Wren,Troglodyte des rochers,Salpinctes obsoletus,Passeriformes,Troglodytidae,Salpinctes,obsoletus
1060,7170,Canyon Wren,Troglodyte des canyons,Catherpes mexicanus,Passeriformes,Troglodytidae,Catherpes,mexicanus
1072,7180,Carolina Wren,Troglodyte de Caroline,Thryothorus ludovicianus,Passeriformes,Troglodytidae,Thryothorus,ludovicianus
1073,7190,Bewick's Wren,Troglodyte de Bewick,Thryomanes bewickii,Passeriformes,Troglodytidae,Thryomanes,bewickii
1063,7210,House Wren,Troglodyte familier,Troglodytes aedon,Passeriformes,Troglodytidae,Troglodytes,aedon
1069,7220,unid. Pacific Wren / Winter Wren,unid Troglodyte des forÍts / Troglodyte de Baird,Troglodytes pacificus / hiemalis,Passeriformes,Troglodytidae,Troglodytes,pacificus / hiemalis
1067,7221,Pacific Wren,Troglodyte de Baird,Troglodytes pacificus,Passeriformes,Troglodytidae,Troglodytes,pacificus
1068,7222,Winter Wren,Troglodyte des forÍts,Troglodytes hiemalis,Passeriformes,Troglodytidae,Troglodytes,hiemalis
1070,7240,Sedge Wren,Troglodyte ‡ bec court,Cistothorus platensis,Passeriformes,Troglodytidae,Cistothorus,platensis
1071,7250,Marsh Wren,Troglodyte des marais,Cistothorus palustris,Passeriformes,Troglodytidae,Cistothorus,palustris
1057,7260,Brown Creeper,Grimpereau brun,Certhia americana,Passeriformes,Certhiidae,Certhia,americana
1054,7270,White-breasted Nuthatch,Sittelle ‡ poitrine blanche,Sitta carolinensis,Passeriformes,Sittidae,Sitta,carolinensis
1053,7280,Red-breasted Nuthatch,Sittelle ‡ poitrine rousse,Sitta canadensis,Passeriformes,Sittidae,Sitta,canadensis
1056,7290,Brown-headed Nuthatch,Sittelle ‡ tÍte brune,Sitta pusilla,Passeriformes,Sittidae,Sitta,pusilla
1055,7300,Pygmy Nuthatch,Sittelle pygmÈe,Sitta pygmaea,Passeriformes,Sittidae,Sitta,pygmaea
1048,7310,Tufted Titmouse,MÈsange bicolore,Baeolophus bicolor,Passeriformes,Paridae,Baeolophus,bicolor
1050,7315,unid. Tufted Titmouse / Black-crested Titmouse,unid MÈsange bicolore / MÈsange ‡ plumet noir,Baeolophus bicolor / atricristatus,Passeriformes,Paridae,Baeolophus,bicolor / atricristatus
1049,7320,Black-crested Titmouse,MÈsange ‡ plumet noir,Baeolophus atricristatus,Passeriformes,Paridae,Baeolophus,atricristatus
1045,7330,Oak Titmouse,MÈsange unicolore,Baeolophus inornatus,Passeriformes,Paridae,Baeolophus,inornatus
1046,7331,Juniper Titmouse,MÈsange des genÈvriers,Baeolophus ridgwayi,Passeriformes,Paridae,Baeolophus,ridgwayi
1047,7332,unid. Oak Titmouse / Juniper Titmouse,unid unid MÈsange unicolore / MÈsange des genÈvrie,Baeolophus inornatus / ridgwayi,Passeriformes,Paridae,Baeolophus,inornatus / ridgwayi
1044,7340,Bridled Titmouse,MÈsange arlequin,Baeolophus wollweberi,Passeriformes,Paridae,Baeolophus,wollweberi
1034,7350,Black-capped Chickadee,MÈsange ‡ tÍte noire,Poecile atricapillus,Passeriformes,Paridae,Poecile,atricapillus
1043,7351,unid. western chickadee species,unid MÈsange sp. de l'Ouest,Poecile sp.,Passeriformes,Paridae,Poecile,sp.
1040,7352,unid. Carolina Chickadee / Black-capped Chickadee,unid MÈsange de Caroline / MÈsange ‡ tÍte noire,Poecile carolinensis / atricapillus,Passeriformes,Paridae,Poecile,carolinensis / atricapillus
1041,7353,unid. Black-capped Chickadee / Mountain Chickadee,unid MÈsange ‡ tÍte noire / MÈsange de Gambel,Poecile atricapillus / gambeli,Passeriformes,Paridae,Poecile,atricapillus / gambeli
1042,7354,unid. Black-capped Chickadee / Boreal Chickadee,unid MÈsange ‡ tÍte noire / MÈsange ‡ tÍte brune,Poecile atricapillus / hudsonicus,Passeriformes,Paridae,Poecile,atricapillus / hudsonicus
1033,7360,Carolina Chickadee,MÈsange de Caroline,Poecile carolinensis,Passeriformes,Paridae,Poecile,carolinensis
1036,7370,Mexican Chickadee,MÈsange grise,Poecile sclateri,Passeriformes,Paridae,Poecile,sclateri
1035,7380,Mountain Chickadee,MÈsange de Gambel,Poecile gambeli,Passeriformes,Paridae,Poecile,gambeli
1038,7400,Boreal Chickadee,MÈsange ‡ tÍte brune,Poecile hudsonicus,Passeriformes,Paridae,Poecile,hudsonicus
1037,7410,Chestnut-backed Chickadee,MÈsange ‡ dos marron,Poecile rufescens,Passeriformes,Paridae,Poecile,rufescens
1114,7420,Wrentit,Cama brune,Chamaea fasciata,Passeriformes,Sylviidae,Chamaea,fasciata
1052,7430,Bushtit,MÈsange buissonniËre,Psaltriparus minimus,Passeriformes,Aegithalidae,Psaltriparus,minimus
1051,7460,Verdin,Auripare verdin,Auriparus flaviceps,Passeriformes,Remizidae,Auriparus,flaviceps
1111,7470,Arctic Warbler,Pouillot borÈal,Phylloscopus borealis,Passeriformes,Phylloscopidae,Phylloscopus,borealis
1103,7480,Golden-crowned Kinglet,Roitelet ‡ couronne dorÈe,Regulus satrapa,Passeriformes,Regulidae,Regulus,satrapa
1104,7490,Ruby-crowned Kinglet,Roitelet ‡ couronne rubis,Regulus calendula,Passeriformes,Regulidae,Regulus,calendula
1092,7510,Blue-gray Gnatcatcher,Gobemoucheron gris-bleu,Polioptila caerulea,Passeriformes,Polioptilidae,Polioptila,caerulea
1094,7520,Black-tailed Gnatcatcher,Gobemoucheron ‡ queue noire,Polioptila melanura,Passeriformes,Polioptilidae,Polioptila,melanura
1093,7530,California Gnatcatcher,Gobemoucheron de Californie,Polioptila californica,Passeriformes,Polioptilidae,Polioptila,californica
1095,7539,unid. Blue-gray / Black-tailed Gnatcatcher,unid Gobemoucheron gris-bleu / ‡ queue noire,Polioptila caerulea / melanura,Passeriformes,Polioptilidae,Polioptila,caerulea / melanura
1137,7540,Townsend's Solitaire,Solitaire de Townsend,Myadestes townsendi,Passeriformes,Turdidae,Myadestes,townsendi
1150,7550,Wood Thrush,Grive des bois,Hylocichla mustelina,Passeriformes,Turdidae,Hylocichla,mustelina
1145,7560,Veery,Grive fauve,Catharus fuscescens,Passeriformes,Turdidae,Catharus,fuscescens
1146,7570,Gray-cheeked Thrush,Grive ‡ joues grises,Catharus minimus,Passeriformes,Turdidae,Catharus,minimus
1147,7571,Bicknell's Thrush,Grive de Bicknell,Catharus bicknelli,Passeriformes,Turdidae,Catharus,bicknelli
1148,7580,Swainson's Thrush,Grive ‡ dos olive,Catharus ustulatus,Passeriformes,Turdidae,Catharus,ustulatus
1149,7590,Hermit Thrush,Grive solitaire,Catharus guttatus,Passeriformes,Turdidae,Catharus,guttatus
1163,7610,American Robin,Merle d'AmÈrique,Turdus migratorius,Passeriformes,Turdidae,Turdus,migratorius
1165,7630,Varied Thrush,Grive ‡ collier,Ixoreus naevius,Passeriformes,Turdidae,Ixoreus,naevius
1125,7640,Bluethroat,Gorgebleue ‡ miroir,Cyanecula svecica,Passeriformes,Muscicapidae,Cyanecula,svecica
1133,7650,Northern Wheatear,Traquet motteux,Oenanthe oenanthe,Passeriformes,Muscicapidae,Oenanthe,oenanthe
1134,7660,Eastern Bluebird,Merlebleu de l'Est,Sialia sialis,Passeriformes,Turdidae,Sialia,sialis
1135,7670,Western Bluebird,Merlebleu de l'Ouest,Sialia mexicana,Passeriformes,Turdidae,Sialia,mexicana
1136,7680,Mountain Bluebird,Merlebleu azurÈ,Sialia currucoides,Passeriformes,Turdidae,Sialia,currucoides
1197,8110,Scaly-breasted Munia,Capucin damier,Lonchura punctulata,Passeriformes,Estrildidae,Lonchura,punctulata
28,10210,Muscovy Duck,Canard musquÈ,Cairina moschata,Anseriformes,Anatidae,Cairina,moschata
1085,16600,Sinaloa Wren,Troglodyte du Sinaloa,Thryophilus sinaloa,Passeriformes,Troglodytidae,Thryophilus,sinaloa
1195,19500,Northern Red Bishop,Euplecte franciscain,Euplectes franciscanus,Passeriformes,Ploceidae,Euplectes,franciscanus
1196,19510,Pin-tailed Whydah,Veuve dominicaine,Vidua macroura,Passeriformes,Viduidae,Vidua,macroura
27,20630,Egyptian Goose,Ouette d'…gypte,Alopochen aegyptiaca,Anseriformes,Anatidae,Alopochen,aegyptiaca
292,21930,Purple Swamphen,TalËve sultane,Porphyrio porphyrio,Gruiformes,Rallidae,Porphyrio,porphyrio
142,22860,Eurasian Collared-Dove,Tourterelle turque,Streptopelia decaocto,Columbiformes,Columbidae,Streptopelia,decaocto
786,51830,Nanday Parakeet,Conure nanday,Aratinga nenday,Psittaciformes,Psittacidae,Aratinga,nenday
800,52021,Yellow-chevroned Parakeet,Toui ‡ ailes jaunes,Brotogeris chiriri,Psittaciformes,Psittacidae,Brotogeris,chiriri